<?xml version="1.0"?>
<!DOCTYPE softwarelist SYSTEM "softwarelist.dtd">
<!--
license:CC0
-->
<softwarelist name="hp_ipc" description="HP Integral PC diskettes">

	<software name="memomakr">
		<description>MemoMaker for Integral</description>
		<year>1984</year>
		<publisher>Hewlett-Packard</publisher>

		<part name="flop1" interface="floppy_3_5">
			<dataarea name="flop" size="652950">
				<rom name="ipcmemom.td0" size="652950" crc="41dd72a2" sha1="1bd3dde57a83a09dbd8ad2f18e52f7d96ee45f63"/>
			</dataarea>
		</part>
	</software>

	<software name="multipln">
		<description>Multiplan for Integral</description>
		<year>1984</year>
		<publisher>Microsoft</publisher>

		<part name="flop1" interface="floppy_3_5">
			<dataarea name="flop" size="172162">
				<rom name="multipl.td0" size="172162" crc="e8e929d7" sha1="2ddbab7b6683fd2ba30238fb013ff2f25c1bcdd7"/>
			</dataarea>
		</part>
	</software>

	<software name="basic_r5">
		<description>Technical BASIC Release 5</description>
		<year>1985</year>
		<publisher>Hewlett-Packard</publisher>

		<part name="flop1" interface="floppy_3_5">
			<feature name="disk_serial" value="82860-12009" />
			<dataarea name="flop" size="602609">
				<rom name="intbasic.td0" size="602609" crc="49a70601" sha1="f884a3ff678b57167451a269d1b551374614f679"/>
			</dataarea>
		</part>
	</software>

	<software name="datacomm">
		<description>Datacomm r1.0.1</description>
		<year>1984</year>
		<publisher>Hewlett-Packard</publisher>

		<part name="flop1" interface="floppy_3_5">
			<feature name="disk_serial" value="82815-12002" />
			<dataarea name="flop" size="220544">
				<rom name="ipcdatac.td0" size="220544" crc="97c35bcb" sha1="a4e006459b24400383c2e136645ae5ab863e7483"/>
			</dataarea>
		</part>
	</software>

	<software name="ipccdoc">
		<description>C Language 1of3 (docs)</description>
		<year>1984</year>
		<publisher>Hewlett-Packard</publisher>

		<part name="flop1" interface="floppy_3_5">
			<feature name="disk_serial" value="82857-12002" />
			<dataarea name="flop" size="456537">
				<rom name="ipccdoc.td0" size="456537" crc="5c90332c" sha1="1f1a971e99d929a45d28654d6c32dbfeb20feb4d"/>
			</dataarea>
		</part>
	</software>

	<software name="ipccprep">
		<description>C Language 2of3 (preprocessor)</description>
		<year>1984</year>
		<publisher>Hewlett-Packard</publisher>

		<part name="flop1" interface="floppy_3_5">
			<feature name="disk_serial" value="82857-12005" />
			<dataarea name="flop" size="554063">
				<rom name="ipccprep.td0" size="554063" crc="f80fb865" sha1="547aa6174d4c0e08cc9005bb3c59fc88c288c8a1"/>
			</dataarea>
		</part>
	</software>

	<software name="ipcctran">
		<description>C Language 3of3 (translator)</description>
		<year>1984</year>
		<publisher>Hewlett-Packard</publisher>

		<part name="flop1" interface="floppy_3_5">
			<feature name="disk_serial" value="82857-12004" />
			<dataarea name="flop" size="452140">
				<rom name="ipcctran.td0" size="452140" crc="ef2494e0" sha1="ffd764fd701f4ffe896b919b18dc3474eff95f2a"/>
			</dataarea>
		</part>
	</software>

	<software name="basicut">
		<description>Technical BASIC Utilities</description>
		<year>1985</year>
		<publisher>Hewlett-Packard</publisher>

		<part name="flop1" interface="floppy_3_5">
			<feature name="disk_serial" value="82860-12008" />
			<dataarea name="flop" size="218967">
				<rom name="basicut.td0" size="218967" crc="bd92ec7a" sha1="611eea08494ce123052453cd8cf45ce6fcc3e09f"/>
			</dataarea>
		</part>
	</software>

	<software name="ipcforut">
		<description>FORTRAN r5.0.0 2of2 (utilities)</description>
		<year>1985</year>
		<publisher>Hewlett-Packard</publisher>

		<part name="flop1" interface="floppy_3_5">
			<feature name="disk_serial" value="82858-12002" />
			<dataarea name="flop" size="581442">
				<rom name="ipcforut.td0" size="581442" crc="fb7c2093" sha1="2d8492a8c74e06c405998d848826a4fd139cf6fe"/>
			</dataarea>
		</part>
	</software>

	<software name="ipcforcp">
		<description>FORTRAN r5.0.0 1of2 (translator)</description>
		<year>1985</year>
		<publisher>Hewlett-Packard</publisher>

		<part name="flop1" interface="floppy_3_5">
			<feature name="disk_serial" value="82858-12001" />
			<dataarea name="flop" size="549753">
				<rom name="ipcforcp.td0" size="549753" crc="a4a8c914" sha1="ec76c80f81e0b55843ff4028baacb0137b94ec84"/>
			</dataarea>
		</part>
	</software>

	<software name="lisppilt">
		<description>LISP and PILOT Languages</description>
		<year>1985</year>
		<publisher>Hewlett-Packard</publisher>

		<part name="flop1" interface="floppy_3_5">
			<dataarea name="flop" size="565866">
				<rom name="lisppilt.td0" size="565866" crc="096d357b" sha1="3c4cbd4ddbb39ff02e0844ab5de36f1aaa418598"/>
			</dataarea>
		</part>
	</software>

	<software name="tksolve">
		<description>Tk!Solver</description>
		<year>1985</year>
		<publisher>Software Arts</publisher>

		<part name="flop1" interface="floppy_3_5">
			<dataarea name="flop" size="190676">
				<rom name="tksolve.td0" size="190676" crc="76d7752e" sha1="024ae038239c651898e9df62ce8a1256a73ea542"/>
			</dataarea>
		</part>
	</software>

	<software name="diagpgrm">
		<description>Diagraph for Integral 1of2 (program)</description>
		<year>1985</year>
		<publisher>Computer Support Corporation</publisher>

		<part name="flop1" interface="floppy_3_5">
			<dataarea name="flop" size="634074">
				<rom name="diagpgrm.td0" size="634074" crc="7963e6fa" sha1="e9b65d758fbb9d5d68b21d5fb05dcd72c8d38f0e"/>
			</dataarea>
		</part>
	</software>

	<software name="diagsymb">
		<description>Diagraph for Integral 2of2 (symbols)</description>
		<year>1985</year>
		<publisher>Computer Support Corporation</publisher>

		<part name="flop1" interface="floppy_3_5">
			<dataarea name="flop" size="690608">
				<rom name="diagsymb.td0" size="690608" crc="8f038cd1" sha1="5006444a81ac785db5e448a63c741ab3218084ea"/>
			</dataarea>
		</part>
	</software>

	<software name="microtrk">
		<description>MicroTrak v1.4f</description>
		<year>1985</year>
		<publisher>Softrak Systems</publisher>

		<part name="flop1" interface="floppy_3_5">
			<dataarea name="flop" size="111659">
				<rom name="ipcmictk.td0" size="111659" crc="6be07a20" sha1="4d0a60c1bd2e7c83b648270154d5c6fed8b2696a"/>
			</dataarea>
		</part>
	</software>

	<software name="ipcpascp">
		<description>PASCAL v5.0 1of2 (compiler)</description>
		<year>1985</year>
		<publisher>???</publisher>

		<part name="flop1" interface="floppy_3_5">
			<dataarea name="flop" size="670738">
				<rom name="ipcpascp.td0" size="670738" crc="3c33177e" sha1="37f9a461d15961b436fddc6890710005a7438c5c"/>
			</dataarea>
		</part>
	</software>

	<software name="ipcpasdc">
		<description>PASCAL v5.0 2of2 (docs)</description>
		<year>1985</year>
		<publisher>???</publisher>

		<part name="flop1" interface="floppy_3_5">
			<dataarea name="flop" size="557887">
				<rom name="ipcpasdc.td0" size="557887" crc="873b0f30" sha1="aa1e9c73b213780862567eced9073a843900304f"/>
			</dataarea>
		</part>
	</software>

	<software name="ipcforth">
		<description>FORTH v1.0 for Integral</description>
		<year>1987</year>
		<publisher>???</publisher>

		<part name="flop1" interface="floppy_3_5">
			<dataarea name="flop" size="296521">
				<rom name="ipcforth.td0" size="296521" crc="13b25447" sha1="bb8f08a8247ad5d6743832d949bf19fb789b0aac"/>
			</dataarea>
		</part>
	</software>

	<software name="tutor">
		<description>Utility Discs for Integral 1of6 (Tutor)</description>
		<year>1985</year>
		<publisher>Hewlett-Packard</publisher>

		<part name="flop1" interface="floppy_3_5">
			<feature name="disk_serial" value="00095-12062" />
			<dataarea name="flop" size="404018">
				<rom name="tutor.td0" size="404018" crc="c5af6ff5" sha1="47eb431f609fcc6f87d3a7b5c9cafb7f9c232135"/>
			</dataarea>
		</part>
	</software>

	<software name="utilitie">
		<description>Utility Discs for Integral 2of6 (Utilities)</description>
		<year>1985</year>
		<publisher>Hewlett-Packard</publisher>

		<part name="flop1" interface="floppy_3_5">
			<feature name="disk_serial" value="00095-12058" />
			<dataarea name="flop" size="571098">
				<rom name="utilitie.td0" size="571098" crc="1f9420ad" sha1="97ef267109214f2bdc183032f4d87bd1cc0e7be3"/>
			</dataarea>
		</part>
	</software>

	<software name="diagnstc">
		<description>Utility Discs for Integral 3of6 (Diagnostic)</description>
		<year>1985</year>
		<publisher>Hewlett-Packard</publisher>

		<part name="flop1" interface="floppy_3_5">
			<feature name="disk_serial" value="00095-12061" />
			<dataarea name="flop" size="206296">
				<rom name="diagnstc.td0" size="206296" crc="e3b7461e" sha1="276f82b1b4cc1bb4cf8a40311afa3ee15716004c"/>
			</dataarea>
		</part>
	</software>

	<software name="sysmdisc">
		<description>Utility Discs for Integral 4of6 (System Disc)</description>
		<year>1985</year>
		<publisher>Hewlett-Packard</publisher>

		<part name="flop1" interface="floppy_3_5">
			<feature name="disk_serial" value="00095-12063" />
			<dataarea name="flop" size="325235">
				<rom name="sysmdisc.td0" size="325235" crc="5773decd" sha1="46a23f0fb2c4ea9b738ee68390bb349dd738ae6b"/>
			</dataarea>
		</part>
	</software>

	<software name="hp_ux1">
		<description>Utility Discs for Integral 5of6 (HP-UX Commands 1)</description>
		<year>1985</year>
		<publisher>Hewlett-Packard</publisher>

		<part name="flop1" interface="floppy_3_5">
			<feature name="disk_serial" value="00095-12059" />
			<dataarea name="flop" size="626512">
				<rom name="hp-ux1.td0" size="626512" crc="cf5da5fa" sha1="4bde09a9d37f5f8f6e55925f2428c342d95db19c"/>
			</dataarea>
		</part>
	</software>

	<software name="hp_ux2">
		<description>Utility Discs for Integral 6of6 (HP-UX Commands 2)</description>
		<year>1985</year>
		<publisher>Hewlett-Packard</publisher>

		<part name="flop1" interface="floppy_3_5">
			<feature name="disk_serial" value="00095-12073" />
			<dataarea name="flop" size="648152">
				<rom name="hp-ux2.td0" size="648152" crc="9f843794" sha1="de4b2276aba66d4c28e9bb44db60c62472ec6441"/>
			</dataarea>
		</part>
	</software>

	<software name="intgame1">
		<description>Integral Games 1of3</description>
		<year>1986</year>
		<publisher>???</publisher>

		<part name="flop1" interface="floppy_3_5">
			<dataarea name="flop" size="683944">
				<rom name="intgame1.td0" size="683944" crc="f142dece" sha1="a6436079839667456be5f7dfd05978b1c7290d71"/>
			</dataarea>
		</part>
	</software>

	<software name="intgame2">
		<description>Integral Games 2of3</description>
		<year>1988</year>
		<publisher>???</publisher>

		<part name="flop1" interface="floppy_3_5">
			<dataarea name="flop" size="389053">
				<rom name="intgame2.td0" size="389053" crc="8e4b6266" sha1="3a5727367f580a4d8b2109ba880147f5c3025d62"/>
			</dataarea>
		</part>
	</software>

	<software name="intgame3">
		<description>Integral Games 3of3</description>
		<year>1989</year>
		<publisher>???</publisher>

		<part name="flop1" interface="floppy_3_5">
			<dataarea name="flop" size="184147">
				<rom name="intgame3.td0" size="184147" crc="a78f471d" sha1="9020b09ee1a256b2d085cc886d5998e2b2dc9d23"/>
			</dataarea>
		</part>
	</software>

	<software name="inthack">
		<description>Hack 3.0.2 for Integral</description>
		<year>1990</year>
		<publisher>???</publisher>

		<part name="flop1" interface="floppy_3_5">
			<dataarea name="flop" size="548830">
				<rom name="inthack.td0" size="548830" crc="6a371529" sha1="de37526aabfc4c326a3bd89a0f5b5d9fd830b915"/>
			</dataarea>
		</part>
	</software>

	<software name="plotrack">
		<description>PlotTrack Rev 1.2b</description>
		<year>1986</year>
		<publisher>Softrak Systems</publisher>

		<part name="flop1" interface="floppy_3_5">
			<dataarea name="flop" size="297583">
				<rom name="plotrack.td0" size="297583" crc="b9b5975c" sha1="1a315b196cd353e1d2d79a5e8b84e935b8f99a72"/>
			</dataarea>
		</part>
	</software>

	<software name="ipcromtl">
		<description>EPROM/ROM Tools r5.0</description>
		<year>1986</year>
		<publisher>Hewlett-Packard</publisher>

		<part name="flop1" interface="floppy_3_5">
			<dataarea name="flop" size="400488">
				<rom name="ipcromtl.td0" size="400488" crc="1c302801" sha1="8341446066be25649357614dd4aa937eb66f118e"/>
			</dataarea>
		</part>
	</software>

	<software name="ipcapl">
		<description>APL Plus v3.0 1of2</description>
		<year>1986</year>
		<publisher>STSC, Inc.</publisher>

		<part name="flop1" interface="floppy_3_5">
			<dataarea name="flop" size="486723">
				<rom name="ipcapl.td0" size="486723" crc="1413db63" sha1="9b6e7f5f6fa66ecfad4071fd460b0faa20eb06ca"/>
			</dataarea>
		</part>
	</software>

	<software name="ipcaplw">
		<description>APL Plus v3.0 2of2</description>
		<year>1986</year>
		<publisher>STSC, Inc.</publisher>

		<part name="flop1" interface="floppy_3_5">
			<dataarea name="flop" size="381652">
				<rom name="ipcaplw.td0" size="381652" crc="ede2be4d" sha1="8f85f6e4e4238fa9f21efc3beea82860157884ee"/>
			</dataarea>
		</part>
	</software>

	<software name="ipctranu">
		<description>PC File Translation Utilities</description>
		<year>1986</year>
		<publisher>???</publisher>

		<part name="flop1" interface="floppy_3_5">
			<dataarea name="flop" size="641077">
				<rom name="ipctranu.td0" size="641077" crc="6d3d5de7" sha1="b1b27f9846544dbcaa8442140bdad7b29c61fcc0"/>
			</dataarea>
		</part>
	</software>

	<software name="superutl">
		<description>Super Utilities Disc</description>
		<year>1986</year>
		<publisher>Hewlett-Packard</publisher>

		<part name="flop1" interface="floppy_3_5">
			<dataarea name="flop" size="709632">
				<rom name="IPC_Super_Utilities.img" size="709632" crc="da0b6733" sha1="4170adf798a12ce7052238fb8602ea63bfcd3de6" offset="0" />
			</dataarea>
		</part>
	</software>

	<software name="ipcart">
		<description>Graphics, Text and Misc Utilities</description>
		<year>1987</year>
		<publisher>???</publisher>

		<part name="flop1" interface="floppy_3_5">
			<dataarea name="flop" size="534655">
				<rom name="ipcart.td0" size="534655" crc="fc6070bc" sha1="794216f066e1ae77c4d331b5cdb66c7735fffeaf"/>
			</dataarea>
		</part>
	</software>

	<software name="ipcbasbn">
		<description>BASIC Bonus Disc</description>
		<year>1987</year>
		<publisher>???</publisher>

		<part name="flop1" interface="floppy_3_5">
			<dataarea name="flop" size="413321">
				<rom name="ipcbasbn.td0" size="413321" crc="b6d8f987" sha1="3bce09a5e53e64f0ad602b67016b035f1266b910"/>
			</dataarea>
		</part>
	</software>

	<software name="ipcdwd">
		<description>Driver Writers Disc</description>
		<year>1987</year>
		<publisher>Hewlett-Packard</publisher>

		<part name="flop1" interface="floppy_3_5">
			<dataarea name="flop" size="641039">
				<rom name="ipcdwd.td0" size="641039" crc="1e604853" sha1="ac5d69917a026a70ce8142d12a401279e627554c"/>
			</dataarea>
		</part>
	</software>

	<software name="ipcmandl">
		<description>Mandelbrot</description>
		<year>1988</year>
		<publisher>Ted Cline</publisher>

		<part name="flop1" interface="floppy_3_5">
			<dataarea name="flop" size="285987">
				<rom name="ipcmandl.td0" size="285987" crc="e31c0a41" sha1="59045fcecc336b048595d589815cfb301c594389"/>
			</dataarea>
		</part>
	</software>

	<software name="ipcrcs">
		<description>RCS (Revision Control System)</description>
		<year>1988</year>
		<publisher>Hewlett-Packard</publisher>

		<part name="flop1" interface="floppy_3_5">
			<dataarea name="flop" size="606991">
				<rom name="ipcrcs.td0" size="606991" crc="bbe0bfce" sha1="7d5c2a9acc8099d5c03c0821eac6abafe441c180"/>
			</dataarea>
		</part>
	</software>

	<software name="502upgrd">
		<description>System Disc Release 5.0.2</description>
		<year>1986</year>
		<publisher>Hewlett-Packard</publisher>

		<part name="flop1" interface="floppy_3_5">
			<feature name="disk_serial" value="00095-12081" />
			<dataarea name="flop" size="709632">
				<rom name="IPC_5.02_Upgrade_Disc.img" size="709632" crc="4eb04ec5" sha1="51f35b88023558e25ea7e08ebbce4f4807bc8307" offset="0" />
			</dataarea>
		</part>
	</software>

	<software name="demo">
		<description>Demo Disc</description>
		<year>1986</year>
		<publisher>Hewlett-Packard</publisher>

		<part name="flop1" interface="floppy_3_5">
			<dataarea name="flop" size="709632">
				<rom name="IPC_Demos.img" size="709632" crc="4033f9c9" sha1="ab7e5427aedc7cf3bbc42c92b1b165517890222f" offset="0" />
			</dataarea>
		</part>
	</software>

	<software name="hptool06">
		<description>HP-UX Communications &amp; Maintenance A (VI)</description>
		<year>1985</year>
		<publisher>Hewlett-Packard</publisher>

		<part name="flop1" interface="floppy_3_5">
			<feature name="disk_serial" value="82856-12016" />
			<dataarea name="flop" size="709632">
				<rom name="IPC_Comm_And_Maint_Tools_A.img" size="709632" crc="28cc1bf7" sha1="08fbf3462859b769e3164d2208a9c2a298b32afc" offset="0" />
			</dataarea>
		</part>
	</software>

	<software name="hptool07">
		<description>HP-UX Communications &amp; Maintenance B (VII)</description>
		<year>1985</year>
		<publisher>Hewlett-Packard</publisher>

		<part name="flop1" interface="floppy_3_5">
			<feature name="disk_serial" value="82856-12017" />
			<dataarea name="flop" size="709632">
				<rom name="IPC_Comm_And_Maint_Tools_B.img" size="709632" crc="9ef76892" sha1="0e5206f0bc61a1438f25cfd347117c420ea9594d" offset="0" />
			</dataarea>
		</part>
	</software>

	<software name="hptool02">
		<description>HP-UX Software Development (II)</description>
		<year>1985</year>
		<publisher>Hewlett-Packard</publisher>

		<part name="flop1" interface="floppy_3_5">
			<feature name="disk_serial" value="82856-12015" />
			<dataarea name="flop" size="709632">
				<rom name="IPC_Development_Tools_A.img" size="709632" crc="6dee8465" sha1="2300dc4f17226ad661b96e8e23753640732ebf01" offset="0" />
			</dataarea>
		</part>
	</software>

	<software name="hptool03">
		<description>HP-UX Software Development (III)</description>
		<year>1985</year>
		<publisher>Hewlett-Packard</publisher>

		<part name="flop1" interface="floppy_3_5">
			<feature name="disk_serial" value="82856-12019" />
			<dataarea name="flop" size="709632">
				<rom name="IPC_Development_Tools_B.img" size="709632" crc="87d8bec7" sha1="02d0ecea519e04d7b89c8e59e2d80f3e3f39248f" offset="0" />
			</dataarea>
		</part>
	</software>

	<software name="hptool10">
		<description>HP-UX Documentation (X)</description>
		<year>1985</year>
		<publisher>Hewlett-Packard</publisher>

		<part name="flop1" interface="floppy_3_5">
			<feature name="disk_serial" value="82856-12013" />
			<dataarea name="flop" size="709632">
				<rom name="IPC_Documentation.img" size="709632" crc="5a0a96c1" sha1="68bf43e6690c2ff06037004afa3183bceae9f5cf" offset="0" />
			</dataarea>
		</part>
	</software>

	<software name="hptool09">
		<description>HP-UX Miscellaneous Tools (IX)</description>
		<year>1985</year>
		<publisher>Hewlett-Packard</publisher>

		<part name="flop1" interface="floppy_3_5">
			<feature name="disk_serial" value="82856-12012" />
			<dataarea name="flop" size="709632">
				<rom name="IPC_Miscellaneous.img" size="709632" crc="3514763c" sha1="a26b18d6d69f17e69a1f3cc80c09ba2cbb2de2d8" offset="0" />
			</dataarea>
		</part>
	</software>

	<software name="hptool08">
		<description>HP-UX Nucleus (VIII)</description>
		<year>1985</year>
		<publisher>Hewlett-Packard</publisher>

		<part name="flop1" interface="floppy_3_5">
			<feature name="disk_serial" value="82856-12018" />
			<dataarea name="flop" size="709632">
				<rom name="IPC_Nucleus_Tools.img" size="709632" crc="1b740689" sha1="7c1a059e7c1ebc3531bacb6eaf339213c3e33273" offset="0" />
			</dataarea>
		</part>
	</software>

	<software name="hptool01">
		<description>HP-UX Programmers Tools (I)</description>
		<year>1985</year>
		<publisher>Hewlett-Packard</publisher>

		<part name="flop1" interface="floppy_3_5">
			<feature name="disk_serial" value="82856-12014" />
			<dataarea name="flop" size="709632">
				<rom name="IPC_Programmers_Utilities.img" size="709632" crc="70a0af6a" sha1="385a6a0337df818872ea61288d096feeb6d32561" offset="0" />
			</dataarea>
		</part>
	</software>

	<software name="hptool04">
		<description>HP-UX Writers Tools A (IV)</description>
		<year>1985</year>
		<publisher>Hewlett-Packard</publisher>

		<part name="flop1" interface="floppy_3_5">
			<feature name="disk_serial" value="82856-12020" />
			<dataarea name="flop" size="709632">
				<rom name="IPC_Writers_Tools_A.img" size="709632" crc="65d55a7e" sha1="255b0715d6d3963e8cedbfe3a8a468846d5cf4e7" offset="0" />
			</dataarea>
		</part>
	</software>

	<software name="hptool05">
		<description>HP-UX Writers Tools B (V)</description>
		<year>1985</year>
		<publisher>Hewlett-Packard</publisher>

		<part name="flop1" interface="floppy_3_5">
			<feature name="disk_serial" value="82856-12021" />
			<dataarea name="flop" size="709632">
				<rom name="IPC_Writers_Tools_B.img" size="709632" crc="589815eb" sha1="aab1b18ccf79451f251cb0599f124332f9c74555" offset="0" />
			</dataarea>
		</part>
	</software>

	<software name="swengr01">
		<description>Software Engineering Module - Programmers's and Miscellaneous Tools (I)</description>
		<year>1986</year>
		<publisher>Hewlett-Packard</publisher>

		<part name="flop1" interface="floppy_3_5">
			<feature name="disk_serial" value="82987-12001" />
			<dataarea name="flop" size="709632">
				<rom name="IPC_SW_Engineering_ROM_1.img" size="709632" crc="f912dd24" sha1="a11094934d32a3c4a3821da39a0db70650ea3d32" offset="0" />
			</dataarea>
		</part>
	</software>

	<software name="swengr02">
		<description>Software Engineering Module - Communication and Maintenance Tools (II)</description>
		<year>1986</year>
		<publisher>Hewlett-Packard</publisher>

		<part name="flop1" interface="floppy_3_5">
			<feature name="disk_serial" value="82987-12002" />
			<dataarea name="flop" size="709632">
				<rom name="IPC_SW_Engineering_ROM_2.img" size="709632" crc="299affbb" sha1="2cce67d1a50701cb79090f28b7e13129361b38ac" offset="0" />
			</dataarea>
		</part>
	</software>

	<software name="swengr03">
		<description>Software Engineering Module - Writer's Tools (III)</description>
		<year>1986</year>
		<publisher>Hewlett-Packard</publisher>

		<part name="flop1" interface="floppy_3_5">
			<feature name="disk_serial" value="82987-12003" />
			<dataarea name="flop" size="709632">
				<rom name="IPC_SW_Engineering_ROM_3.img" size="709632" crc="e139f1fc" sha1="3f8b0d331472833b80938f58387fa53bac47dd03" offset="0" />
			</dataarea>
		</part>
	</software>

	<software name="swengr04">
		<description>Software Engineering Module - C Development Supplement (IV)</description>
		<year>1986</year>
		<publisher>Hewlett-Packard</publisher>

		<part name="flop1" interface="floppy_3_5">
			<feature name="disk_serial" value="82987-12004" />
			<dataarea name="flop" size="709632">
				<rom name="IPC_SW_Engineering_ROM_4.img" size="709632" crc="66eda86a" sha1="7fb1ce5e64562bf898837cf8e878400f4e76fbf1" offset="0" />
			</dataarea>
		</part>
	</software>

	<software name="swengr05">
		<description>Software Engineering Module - Section 1 &amp; 1m Documentation (V)</description>
		<year>1986</year>
		<publisher>Hewlett-Packard</publisher>

		<part name="flop1" interface="floppy_3_5">
			<feature name="disk_serial" value="82987-12005" />
			<dataarea name="flop" size="709632">
				<rom name="IPC_SW_Engineering_ROM_5.img" size="709632" crc="a036a8d5" sha1="67ae72b6d9570dbf4c9a96f3c9627376d7ec7571" offset="0" />
			</dataarea>
		</part>
	</software>

	<software name="swengr06">
		<description>Software Engineering Module - Sections 2, 3, 4 and l Documentation (VI)</description>
		<year>1986</year>
		<publisher>Hewlett-Packard</publisher>

		<part name="flop1" interface="floppy_3_5">
			<feature name="disk_serial" value="82987-12006" />
			<dataarea name="flop" size="709632">
				<rom name="IPC_SW_Engineering_ROM_6.img" size="709632" crc="24858c1a" sha1="a794cccca5dc0d6a3442fd684f5da69f372773bb" offset="0" />
			</dataarea>
		</part>
	</software>

</softwarelist>
