<?xml version="1.0"?>
<!DOCTYPE softwarelist SYSTEM "softwarelist.dtd">
<!--
license:CC0
-->
<softwarelist name="megapc" description="Amstrad Mega PC disk images">

	<software name="cntrpnt">
		<description>Counterpoint</description>
		<year>1991</year>
		<publisher>Oberwerk Corporation / Amstrad PLC</publisher>
		<part name="flop1" interface="floppy_3_5">
			<dataarea name="flop" size="737280">
				<rom name="cntrpnt.img" size="737280" crc="62559a4f" sha1="a2b85e7f8b87e1eb74431beb2a560617e4831843"/>
			</dataarea>
		</part>
	</software>

	<software name="msdos5">
		<description>MS-DOS 5.0</description>
		<year>1992</year>
		<publisher>Microsoft Corp / Amstrad PLC</publisher>
		<part name="flop1" interface="floppy_3_5">
			<dataarea name="flop" size="737280">
				<rom name="msdos5.img" size="737280" crc="215b0cdc" sha1="d7792f24a8731f3043e3c4a35fb141a7bf945385"/>
			</dataarea>
		</part>

		<part name="flop2" interface="floppy_3_5">
			<dataarea name="flop" size="737280">
				<rom name="msdos5d2.img" size="737280" crc="91ff5b34" sha1="0d248ab0a3b3e26ea80f3f5e60e428631a5b2577"/>
			</dataarea>
		</part>

		<part name="flop3" interface="floppy_3_5">
			<dataarea name="flop" size="737280">
				<rom name="msdos5d3.img" size="737280" crc="e2257f06" sha1="ece1cfd21043da8155e493b82079fde2ebd2a9a8"/>
			</dataarea>
		</part>
	</software>

	<software name="svgadrv2">
		<description>SVGA Utilities and Drivers (Disk 2)</description>
		<year>199?</year>
		<publisher>Amstrad PLC</publisher>
		<part name="flop1" interface="floppy_3_5">
			<dataarea name="flop" size="1474560">
				<rom name="svgadrv2.img" size="1474560" crc="23a910eb" sha1="5cb58fda38741c1c20f23a8e0406053a185d95de"/>
			</dataarea>
		</part>
	</software>
</softwarelist>
