<?xml version="1.0"?>
<!DOCTYPE softwarelist SYSTEM "softwarelist.dtd">
<!--
license:CC0
-->
<softwarelist name="vtech_innotab_cart" description="VTech InnoTAB 1/2/3 Cartridges">
	<!-- NOT InnoTAB Max - those are compatible with InnoTV instead -->

	<!-- These are NAND Flash ROMs containing a FAT16 filesystem -->
	<!-- Some cartridges contain no ROM, but just bridges between edge connector pins. -->

	<!-- pinout is identical to Storio cartridges -->

	<software name="mmousec" supported="no">
		<description>Mickey Mouse Clubhouse (UK)</description>
		<year>2011</year>
		<publisher>VTech</publisher>
		<info name="serial" value="80-230403-103"/>
		<part name="cart" interface="vtech_innotab_cart">
			<dataarea name="rom" size="0x8400000">
				<rom name="80-230403-103 - Mickey Mouse Clubhouse (UK).bin" size="0x8400000" crc="839567a9" sha1="bd4e2c8138d6f62bcac1978745a2b752bcefb07d" />
			</dataarea>
		</part>
	</software>

	<software name="pengmad" supported="no">
		<description>The Penguins of Madagascar (USA)</description>
		<year>2012</year>
		<publisher>VTech</publisher>
		<info name="serial" value="80-230500(US)"/>
		<part name="cart" interface="vtech_innotab_cart">
			<dataarea name="rom" size="0x8400000">
				<rom name="innotab_penguins_of_madagascar_gpr27p01ga_c279.bin" size="0x8400000" crc="5c2d33fa" sha1="6ad8e167b96fed824c164b55f8d011928fd142d5" />
			</dataarea>
		</part>
	</software>

	<software name="tmnttp" supported="no">
		<description>Teenage Mutant Ninja Turtles - Turtle Power! (USA)</description>
		<year>2013</year>
		<publisher>VTech</publisher>
		<info name="serial" value="80-231300(US)"/>
		<part name="cart" interface="vtech_innotab_cart">
			<dataarea name="rom" size="0x8400000">
				<rom name="innotab_tmnt_turtle_power_gpr27p01ga_c279.bin" size="0x8400000" crc="3928e80c" sha1="f3048f990fc9c5e8d29d81a536da90496befa7b4" />
			</dataarea>
		</part>
	</software>

</softwarelist>
