<?xml version="1.0"?>
<!DOCTYPE softwarelist SYSTEM "softwarelist.dtd">
<!--
license:CC0

Thanks to http://www.zorba.z80.de for info!

Attempting to load any td0 dump in this list throws a fatalerror,
and they are all marked as unsupported.

The following "Oracle of Zeus" newsletter disks are known to be dumped,
but require special permission for the dumps to be obtained:

                1983-11-01          Oracle of Zeus Vol.1 No.1
oracle12.td0    1984-01-01  113K    Oracle of Zeus Vol.1 No.2
oracle13.td0    1984-03-01  182K    Oracle of Zeus Vol.1 No.3
oracle14.td0    1984-06-01  191K    Oracle of Zeus Vol.1 No.4
oracle15.td0    1984-09-01  195K    Oracle of Zeus Vol.1 No.5
oracle16.td0    1984-11-01  191K    Oracle of Zeus Vol.1 No.6
oracle21.td0    1985-02-01  176K    Oracle of Zeus Vol.2 No.1
oracle22.td0    1985-05-01  192K    Oracle of Zeus Vol.2 No.2
oracle23.td0    1985-08-01  190K    Oracle of Zeus Vol.2 No.3
oracle24.td0    1986-05-01  192K    Oracle of Zeus Vol.2 No.4
-->
<softwarelist name="zorba" description="Telcon Zorba floppy disks">

<!-- CP/M disks -->

	<software name="compat" supported="no">
		<description>Compat (v3.2)</description>
		<year>1985</year>
		<publisher>Mycroft Labs</publisher>

		<part name="flop1" interface="floppy_5_25">
			<dataarea name="flop" size="78499">
				<rom name="compat v3.2 - application disk.td0" size="78499" crc="19a9d6a9" sha1="e496a9bdfa171b742425f11423c101abce8c9e85"/>
			</dataarea>
		</part>
	</software>

	<software name="cpm">
		<description>58K CP/M (v2.2, BIOS v1.7A)</description>
		<year>1984?</year>
		<publisher>Telcon</publisher>

		<part name="flop1" interface="floppy_5_25">
			<dataarea name="flop" size="174565">
				<rom name="zorba1.imd" size="174565" crc="b7c4e257" sha1="be10a48c8e512476cd39c2ca0faa261bda280260"/>
			</dataarea>
		</part>
		<part name="flop2" interface="floppy_5_25">
			<dataarea name="flop" size="332397">
				<rom name="zorba2.imd" size="332397" crc="9f4832b9" sha1="41b6ff86ac11077f3a16bd9ed7be991448b16968"/>
			</dataarea>
		</part>
		<part name="flop3" interface="floppy_5_25">
			<dataarea name="flop" size="351758">
				<rom name="zorba5.imd" size="351758" crc="d3a2362a" sha1="4d291814b23144a7f122b565348fd5021af8c43e"/>
			</dataarea>
		</part>
	</software>

	<!-- System disk was missing, using one from the parent set -->
	<software name="cpm17" cloneof="cpm" supported="partial">
		<description>58K CP/M (v2.2, BIOS v1.7)</description>
		<year>1984</year>
		<publisher>Telcon</publisher>

		<part name="flop1" interface="floppy_5_25">
			<dataarea name="flop" size="174565">
				<rom name="zorba1.imd" size="174565" crc="b7c4e257" sha1="be10a48c8e512476cd39c2ca0faa261bda280260" status="baddump" />
			</dataarea>
		</part>
		<part name="flop2" interface="floppy_5_25">
			<dataarea name="flop" size="139002">
				<rom name="cpm-80 v2.2 (zorba bios v1.7) - source disk.td0" size="139002" crc="1c549210" sha1="0ceff17dca1e9cfb7306d9e04d6c323cf434d2f2"/>
			</dataarea>
		</part>
		<part name="flop3" interface="floppy_5_25">
			<dataarea name="flop" size="109526">
				<rom name="cpm-80 v2.2 (zorba bios v1.7) - utility disk.td0" size="109526" crc="da09bdd8" sha1="6d78efec8441833498025a2852504489dade9d94"/>
			</dataarea>
		</part>
	</software>

	<software name="cpm16" cloneof="cpm" supported="no">
		<description>58K CP/M (v2.2, BIOS v1.6)</description>
		<year>1984</year>
		<publisher>Telcon</publisher>

		<part name="flop1" interface="floppy_5_25">
			<dataarea name="flop" size="171898">
				<rom name="cpm-80 v2.2 (zorba bios v1.6) - system disk.td0" size="171898" crc="6df3c58e" sha1="3a15e3b927f88fa34e6e6cdfffc272ff83b2a061"/>
			</dataarea>
		</part>
		<part name="flop2" interface="floppy_5_25">
			<dataarea name="flop" size="226552">
				<rom name="cpm-80 v2.2 (zorba bios v1.6) - utility disk.td0" size="226552" crc="b65c0436" sha1="9f8ed5dd2167f5b9f0abd27fa6d4ed1f50646d2f"/>
			</dataarea>
		</part>
	</software>

	<software name="cpm16a" cloneof="cpm" supported="no">
		<description>58K CP/M (v2.2, BIOS v1.6, Alt)</description>
		<year>1984</year>
		<publisher>Telcon</publisher>

		<part name="flop1" interface="floppy_5_25">
			<dataarea name="flop" size="193670">
				<rom name="cpm-80 v2.2 (zorba bios v1.6) - system disk 1.td0" size="193670" crc="a4530528" sha1="ff29f06c57485e8ff41f2217daac63598bdaa74e"/>
			</dataarea>
		</part>
		<part name="flop2" interface="floppy_5_25">
			<dataarea name="flop" size="171990">
				<rom name="cpm-80 v2.2 (zorba bios v1.6) - system disk 2.td0" size="171990" crc="993b96ce" sha1="ac3bcd735244d3a6405dd02efbb37f944174ad3a"/>
			</dataarea>
		</part>
		<part name="flop3" interface="floppy_5_25">
			<dataarea name="flop" size="226552">
				<rom name="cpm-80 v2.2 (zorba bios v1.6) - utility disk.td0" size="226552" crc="b65c0436" sha1="9f8ed5dd2167f5b9f0abd27fa6d4ed1f50646d2f"/>
			</dataarea>
		</part>
	</software>

	<software name="datastar" supported="no">
		<description>DataStar (Release 1.41)</description>
		<year>1982</year>
		<publisher>MicroPro International</publisher>

		<part name="flop1" interface="floppy_5_25">
			<dataarea name="flop" size="285491">
				<rom name="datastar v1.41.td0" size="285491" crc="ff9ce693" sha1="e054c30a4738f94d6a66b21a0d8d1b6a98eecbb4"/>
			</dataarea>
		</part>
	</software>

	<software name="datastar14" cloneof="datastar">
		<description>DataStar (Release 1.4)</description>
		<year>1982</year>
		<publisher>MicroPro International</publisher>

		<part name="flop1" interface="floppy_5_25">
			<dataarea name="flop" size="290987">
				<rom name="zorba3.imd" size="290987" crc="d5cf92cb" sha1="d123e3763ac8da14ef7443361f77df34dcc5cd0f"/>
			</dataarea>
		</part>
	</software>

	<software name="dbase2" supported="no">
		<description>dBase II (v2.41)</description>
		<year>1982</year>
		<publisher>Ashton-Tate</publisher>

		<part name="flop1" interface="floppy_5_25">
			<dataarea name="flop" size="117176">
				<rom name="ashton-tate dbase ii v2.41 application disk - disk 1.td0" size="117176" crc="4d51f8b4" sha1="617169d9e1d2e10460a3966968701ccd44c147f2"/>
			</dataarea>
		</part>
		<part name="flop2" interface="floppy_5_25">
			<dataarea name="flop" size="94274">
				<rom name="ashton-tate dbase ii v2.41 sample disk 1 - disk 2.td0" size="94274" crc="3f0b6f59" sha1="4af4aaee1f631ae1be0be11f2fc2131cf0bfbd77"/>
			</dataarea>
		</part>
		<part name="flop3" interface="floppy_5_25">
			<dataarea name="flop" size="22058">
				<rom name="ashton-tate dbase ii v2.41 sample disk 2 - disk 3.td0" size="22058" crc="cfc04630" sha1="c988d1b330d1cdecf25bd63625a6caae20b53393"/>
			</dataarea>
		</part>
		<part name="flop4" interface="floppy_5_25">
			<dataarea name="flop" size="22056">
				<rom name="ashton-tate dbase ii v2.41 sample disk 3 - disk 4.td0" size="22056" crc="f54b6f10" sha1="769b7abd592431cb260f72ab43300fb23ea5ec40"/>
			</dataarea>
		</part>
		<part name="flop5" interface="floppy_5_25">
			<dataarea name="flop" size="29424">
				<rom name="ashton-tate dbase ii v2.41 sample disk 4 - disk 5.td0" size="29424" crc="fa4531f8" sha1="9791a692446540bcf57241e798cf7bd0d8a30ce8"/>
			</dataarea>
		</part>
	</software>

	<software name="mite" supported="no">
		<description>Mite (v3.0)</description>
		<year>1985</year>
		<publisher>Mycroft Labs</publisher>

		<part name="flop1" interface="floppy_5_25">
			<dataarea name="flop" size="161505">
				<rom name="mite v3.0 - application disk.td0" size="161505" crc="4a1e5dec" sha1="1bd24b9481047a8c7db93c56fa2fd56b68e0aa49"/>
			</dataarea>
		</part>
	</software>

	<software name="wscs" supported="no">
		<description>WordStar (Release 3.0) and CalcStar (Release 1.45)</description>
		<year>198?</year>
		<publisher>&lt;unknown&gt;</publisher>

		<part name="flop1" interface="floppy_5_25">
			<dataarea name="flop" size="356678">
				<rom name="wordstar v3.00.td0" size="356678" crc="37896ed4" sha1="df2c938987dda821863383cbbcb9b8e1008606f3"/>
			</dataarea>
		</part>
	</software>

	<software name="wscsa" cloneof="wscs">
		<description>WordStar (Release 3.0) and CalcStar (Release 1.2)</description>
		<year>198?</year>
		<publisher>&lt;unknown&gt;</publisher>

		<part name="flop1" interface="floppy_5_25">
			<dataarea name="flop" size="259832">
				<rom name="zorba4.imd" size="259832" crc="3c89eb7a" sha1="c54c579e9a24410870eed5f7a6c3a73f0f5f2633"/>
			</dataarea>
		</part>
	</software>

	<!--
	Zeuslib. 001 Public Domain Software
	COMPARE.COM - File comparison utility
	WASH.COM - File management utility
	SWEEP.COM - File managment utility
	UNERASE.COM - Unerases deleted file
	INDEX.COM - Directory utility
	SHOW.COM - Displays files a screenful at a time
	WS.KEY - WordStar key definition file
	SQUEEZE.COM - Data compression program
	UMPIRE.COM - Give your memory a checkup
	FILTER.COM - Strips unprintable characters from files
	MENU.COM - Menu program
	CHESS.COM - Plays, even displays a little board
	BANNER.COM - Prints banner headlines
	DU.COM - Track and sector level disk utility
	IDXGEN.COM - Generate an idex at the end of WordStar files
	TRANSLAT.COM - 8080 to Z80 non optimizing translator
	CAT.COM - Disk catalog program
	LOOK.COM - Memory search program
	CRCK.COM - Cyclic redundancy check program
	-->
	<software name="zeus1" supported="no">
		<description>Zeus Public Domain Software Disk 1</description>
		<year>1983</year>
		<publisher>Zorba Equipment Users' Society (Zeus)</publisher>

		<part name="flop1" interface="floppy_5_25">
			<dataarea name="flop" size="204828">
				<rom name="zeuslib. 001 public domain software.td0" size="204828" crc="049704a6" sha1="8ad508756e2715d23f8da21825cca31b39e836ee"/>
			</dataarea>
		</part>
	</software>

	<!--
	Zeuslib. 002 Public Domain Software
	HELP.COM - Help utility
	*.BAS - Several MBASIC games
	SM.COM - Smartmodem program
	PHOTO.COM - Screen-to-file dump utility
	OK.COM - Setup program for Okidata printer
	CURSOR.MAC - Program to change cursor
	NEWSWEEP.COM - Newsweep version 1.9 in 8K file
	DU-V86.COM - Disk Utility version 8.6
	SAP27.COM - Directory sort & purge
	DIR.COM - File diference utility
	SCAN.COM - File display utility
	TYPER.COM - Typewritter program
	PGLST.COM - Converts single column into multi-column list
	UN.COM - File unprotector
	RUBIK.CQB - Rubik cube program
	CRCK.COM - Cyclic redundancy check program
	-->
	<software name="zeus2" supported="no">
		<description>Zeus Public Domain Software Disk 2</description>
		<year>1984</year>
		<publisher>Zorba Equipment Users' Society (Zeus)</publisher>

		<part name="flop1" interface="floppy_5_25">
			<dataarea name="flop" size="280008">
				<rom name="zeuslib. 002 public domain software.td0" size="280008" crc="2eaa4c27" sha1="c2b443d710e5677b0af7bcc696e0fa78f6489796"/>
			</dataarea>
		</part>
	</software>

	<!--
	Zeuslib. 003 Public Domain Software
	AUTOWRAP.COM - Switches on wrap at the end of the line
	NOMASK.COM - Disables the zapping of the high bit in CONOUT
	CMP.COM - File comparision utility
	DF.COM - Sorted directory program
	IDXGEN.PQS - Source for index generating program
	INDEXZ.COM - Index program
	LINES.COM - Get the number of lines in your document
	PASSWORD.COM - Allows you to make a program password protected
	SCRAMBLE.COM - Encript a file
	RENAME.COM - Accepts wildcards when renaming
	LU.COM - Library Utility used to combine files
	XREF.BQS - Generates cross reference listings
	XCAT36.COM - Cross reference utility for MAST.CAT
	LISTT16.COM - File printing program version 16
	FCB.COM - Displays the file control blocks
	RULER.COM - Displays ruler on 25th line of the screen
	OKI92.COM - Setup for Okidata 92 printer
	ZBSET251.LBR - Display text on 25th (status) line
	ZBMDM727.LBR - Modem 7 terminal program version 2.7
	NSWP199.COM - Newsweep version 1.99
	CRCK.COM - Cyclic redundancy check program
	-->
	<software name="zeus3" supported="no">
		<description>Zeus Public Domain Software Disk 3</description>
		<year>1984</year>
		<publisher>Zorba Equipment Users' Society (Zeus)</publisher>

		<part name="flop1" interface="floppy_5_25">
			<dataarea name="flop" size="263142">
				<rom name="zeuslib. 003 public domain software.td0" size="263142" crc="3f715516" sha1="fd22691481f0aab59f6ca5d3a9130eb00c064b77"/>
			</dataarea>
		</part>
	</software>

	<!--
	Zeuslib. 004 Public Domain Software
	*.* - Programming tools disk
	(disassemblers, macro libraries, tracer, compiler, loader, etc)
	CRCK.COM - Cyclic redundancy check program
	-->
	<software name="zeus4" supported="no">
		<description>Zeus Public Domain Software Disk 4</description>
		<year>1984</year>
		<publisher>Zorba Equipment Users' Society (Zeus)</publisher>

		<part name="flop1" interface="floppy_5_25">
			<dataarea name="flop" size="269382">
				<rom name="zeuslib. 004 public domain software.td0" size="269382" crc="a2a3005d" sha1="653329e738f2313e9515016d2a4aacd7d40293ce"/>
			</dataarea>
		</part>
	</software>

	<!--
	Zeuslib. 005 Public Domain Software
	CAL.COM - Calendar program
	PHOTO1.COM - Save Screen to disk file
	QK20.LBR - Qwikkey 2.0 key redefinition program
	DELBR.COM - Library files extractor
	LSWEEP.COM - Sweep for libraries
	BARGRAPH.LBR - Zorba graphics program
	WASH2.COM - Disk washer-upper version 3.2
	UNERA12.COM - Unerase program
	ALLOC.COM - Lists the allocation blocks on disk
	DIRCHK.COM - Lists the files on a disk
	DUPUSR21.COM - Make programs accessible in different USER areas
	RITEMAN.COM - Printer setup for the Inforunner Riteman
	SD-78.COM - Super Directory 7.8
	FILEFIND.COM - Checks all available user areas on all drives
	FAST2.LBR - Speeds up disk bound programs
	BSORT.LBR - Fast sort program
	EAC.COM - Extended Arithmetic Calculator
	FILTER11.AQM - Source code to FILTER
	UNSPOOL.AQM - print spooler source code
	FMENU.COM - File Menu program
	LABEL.LBR - Label printing programs
	SYNONYM.LBR - Synonym program
	DRI-HLP.LBR - Library of HELP files for Digital Research programs
	FIND.COM - Another HELP program
	CPMADR.COM - CP/M attributes and drive format information
	PAUSE.COM - For use in SUBMIT files, menu programs, etc.
	DISKCOPY.COM - Zorba track to track disk copy program
	CRCK8.COM - Cyclic redundancy check program
	-->
	<software name="zeus5" supported="no">
		<description>Zeus Public Domain Software Disk 5</description>
		<year>1984</year>
		<publisher>Zorba Equipment Users' Society (Zeus)</publisher>

		<part name="flop1" interface="floppy_5_25">
			<dataarea name="flop" size="241178">
				<rom name="zeuslib. 005 public domain software.td0" size="241178" crc="1e82d9bc" sha1="d6a6c1ece5ed55c8883a13c1cd9957e5979edf29"/>
			</dataarea>
		</part>
	</software>

	<!--
	Zeuslib. 006 Public Domain Software
	WS-INFO.LBR - DOC files for patching WordStar
	ENSOFT2.LBR - Document conversion program
	TUCHTYPE.LBR - Touch-typing programs
	GRADEBOK.LBR - A gradebook program
	FILT2.LBR - Filters BASIC program files created with WordStar
	SPELL20.* - Spelling checker version 2.0
	SPINDOWN.LBR - How to get the Zorba drives to spindown quicker
	-->
	<software name="zeus6" supported="no">
		<description>Zeus Public Domain Software Disk 6</description>
		<year>1984</year>
		<publisher>Zorba Equipment Users' Society (Zeus)</publisher>

		<part name="flop1" interface="floppy_5_25">
			<dataarea name="flop" size="268476">
				<rom name="zeuslib. 006 public domain software.td0" size="268476" crc="1cd375f1" sha1="84d248b824b7d065fd7551fa4a2fd194d6ff2a24"/>
			</dataarea>
		</part>
	</software>

	<!--
	Zeuslib. 007 Public Domain Software
	*.* - This disk contains a grab-bag of games
	(requires either MBASIC or CBASIC)
	CRCK8.COM - Cyclic redundancy check program
	-->
	<software name="zeus7" supported="no">
		<description>Zeus Public Domain Software Disk 7</description>
		<year>1984</year>
		<publisher>Zorba Equipment Users' Society (Zeus)</publisher>

		<part name="flop1" interface="floppy_5_25">
			<dataarea name="flop" size="180484">
				<rom name="zeuslib. 007 public domain software.td0" size="180484" crc="a22ea734" sha1="f66e320ccb4990372ab443a1f1006d175e4307e6"/>
			</dataarea>
		</part>
	</software>

	<!--
	Zeuslib. 008 Public Domain Software
	ZBMDM740.COM - Modem 7.40 terminal program
	PHONDATA.LBR - Phone number filing system
	MSGFILES.LBR - Files commonly downloaded from BBS's
	LRBDSK22.LBR - Creates logical drives on a single disk
	RBBS35.LBR - Bulletin board program
	SECURSYS.DOC - Advice for sysops on system security
	SCRNWRAP.LBR - Screen wrap program for BIOS 1.7A & 1.8B
	PILOT.LBR - Pilot Game with source
	TTY.ASM - TTY program
	-->
	<software name="zeus8" supported="no">
		<description>Zeus Public Domain Software Disk 8</description>
		<year>1984</year>
		<publisher>Zorba Equipment Users' Society (Zeus)</publisher>

		<part name="flop1" interface="floppy_5_25">
			<dataarea name="flop" size="304818">
				<rom name="zeuslib. 008 public domain software.td0" size="304818" crc="c173a8ed" sha1="d3b7fb35a95a1e88f1cacf30fa4690d91c058046"/>
			</dataarea>
		</part>
	</software>

	<!--
	Zeuslib. 009 Public Domain Software
	MODEM9XX.* - Modem 9.00 terminal program
	RUNOFF.LBR - Text formating program
	ZCPR22.LBR - ZCPR is a replacement for CP/M's CCP
	CRC.COM - Cyclic redundancy check program
	-->
	<software name="zeus9" supported="no">
		<description>Zeus Public Domain Software Disk 9</description>
		<year>1984</year>
		<publisher>Zorba Equipment Users' Society (Zeus)</publisher>

		<part name="flop1" interface="floppy_5_25">
			<dataarea name="flop" size="264184">
				<rom name="zeuslib. 009 public domain software.td0" size="264184" crc="f41a5f53" sha1="f863263f211c328f124abf5a40e93aa6503aa20e"/>
			</dataarea>
		</part>
	</software>

	<!--
	Zeuslib. 010 Public Domain Software
	GRAF.DQC - MX-80 bit-plot graphics program
	FX80-PIX.LBR - FX80 pictures
	ROFF40.LBR - Text formating program version 4.0
	@.COM - Online expression evaluator for CP/M's CCP
	SWAP.LBR - Swaps CP/M's CONSOLE and LIST outputs
	CRC.COM - Cyclic redundancy check program
	-->
	<software name="zeus10" supported="no">
		<description>Zeus Public Domain Software Disk 10</description>
		<year>1984</year>
		<publisher>Zorba Equipment Users' Society (Zeus)</publisher>

		<part name="flop1" interface="floppy_5_25">
			<dataarea name="flop" size="249080">
				<rom name="zeuslib. 010 public domain software.td0" size="249080" crc="aca92c7e" sha1="d05346cb40f9a2ab468c0173a8b9430caa15ecc0"/>
			</dataarea>
		</part>
	</software>

	<!--
	Zeuslib. 011 Public Domain Software
	VUKEY.COM - Shows function keys on 25th line
	DU2V17.COM - Disk Utility version 1.7
	BLIST.COM - Proofing source code for BEGIN END blocks
	MORSECOD.COM - Morse code program
	OKI92ITAL.COM - Okidata 92 printer setup program
	M7ZB-3.ASM - Modem 7 overlay for the Zorba
	ZSIDFIX.DOC - Patch for Digital Research's ZSID debugger
	MEX.COM - Modem terminal program
	CRCK8.COM - Cyclic redundancy check program
	-->
	<software name="zeus11" supported="no">
		<description>Zeus Public Domain Software Disk 11</description>
		<year>1984</year>
		<publisher>Zorba Equipment Users' Society (Zeus)</publisher>

		<part name="flop1" interface="floppy_5_25">
			<dataarea name="flop" size="268902">
				<rom name="zeuslib. 011 public domain software.td0" size="268902" crc="bbca9771" sha1="b8434a474971143ee9cd25e1fc665c5a8dc831e1"/>
			</dataarea>
		</part>
	</software>

	<!--
	Zeuslib. 012 Public Domain Software
	ADVNTURE.LBR - Adventure game
	BULLCOW.COM - Bullcow game
	HANGMAN.LBR - Hangman game
	PILOT.LBR - Pilot game
	PLANE.COM - Poor man's flight simulator
	SQUARE2.COM - Zorba video demonstration program
	ZWORM2.COM - Green worm screen wiggle
	ZGAMMON.BAS - Back Gammon game
	FROG.BAS - dichotomous key demonstration program
	CRC.COM - Cyclic redundancy check program
	-->
	<software name="zeus12" supported="no">
		<description>Zeus Public Domain Software Disk 12</description>
		<year>1984</year>
		<publisher>Zorba Equipment Users' Society (Zeus)</publisher>

		<part name="flop1" interface="floppy_5_25">
			<dataarea name="flop" size="276624">
				<rom name="zeuslib. 012 public domain software.td0" size="276624" crc="d85bf1cb" sha1="e5a3e46fb9c7258769bb185a6cfc9baf416de0a9"/>
			</dataarea>
		</part>
	</software>

	<!--
	Zeuslib. 013 Public Domain Software
	MCAT41.LBR - Popular catalog system
	MEMTEST.COM - Rasmussen memory test version 1.8
	MTYPE.COM - Type utility that accepts wildcards
	GRAPHICS.BAS - Zorba Graphics tutorial (MBASIC)
	INFO.COM - Maps where things are in your CP/M system
	MONITOR.LBR - Serial line data analyzer
	PHOTO2.LBR - Saves Screen image to disk
	DUMPX.LBR - Improved CP/M dump utility
	ASCIDUMP.LBR - Dump a file to the screen
	DIABLO.AQM - WordStar patch for Diablo printer
	DRAW.PQS - Draw program - Turbo Pascal source
	SCR-MU.LBR - Programmer's screen management utility
	GEMINI15.LBR - CBASIC program for setting printer attributes
	DATER.LBR - Calendar program written in C
	SAP38.LBR - Latest Sort & Pack directory program
	FIND40.LBR - Find text string
	WHATSNEW.LBR - What's new on disk since last change
	HELP.AQM - Source code for HELP.COM
	UNDEL.LBR - Undelete program
	SETDRU.LBR - A BIOS filter for hard disk users
	ZCOMPARE.LBR - File comparision program
	DISKMON.COM - Disk monitor utility
	COUNT.LBR - Program to determine length of a file
	LISTT16A.AQM - Source code for creating lists
	MBASUTIL.LBR - 4 function calculator
	ODDBALL.LBR - Bizarre game, supposedly Italian ping pong!
	INVANALY.BAS - Investment analysis program
	INSTMNT.LBR - Finds lowest commission rate
	BNCHMARK.BAS - Benchmark & Timmings
	DIRECDIF.LBR - Program to compare directory tracks
	COMPARE2.COM - 2K file compare program
	ESSAY.RQS - A true story by Richard Stillman
	CRC.COM - Cyclic redundancy check program
	-->
	<software name="zeus13" supported="no">
		<description>Zeus Public Domain Software Disk 13</description>
		<year>1984</year>
		<publisher>Zorba Equipment Users' Society (Zeus)</publisher>

		<part name="flop1" interface="floppy_5_25">
			<dataarea name="flop" size="284364">
				<rom name="zeuslib. 013 public domain software.td0" size="284364" crc="1412b3ac" sha1="6b9727a6cfe26e215b0928d3bdb53f2665c72865"/>
			</dataarea>
		</part>
	</software>

	<!--
	Zeuslib. 014 Public Domain Software
	APPEND.LBR - Append adds one file to another
	DBL.LBR - Prints pages side by side on an ordinary page
	VDO.COM - Good emulation of Wordstar's non-document mode
	SPEED.PGS - Squeezed source code for SPEED (drive speed checking)
	DUMP2.LBR - Improved CP/M dump program
	SAP39.LBR - Latest version of directory sort and pack
	GOTHIC.LBR - Printing block letters in gothic font
	SAVEPROM.LBR - Saves contents of the Zorba boot prom
	SONARWAR.LQR - Squeezed library of game
	OTHELLO.COM - Compiled version of CBASIC Othello game
	ZGRAF15.LBR - ZGRAF business graphic program
	SC2.HQP - Squeezed Help file for SuperCalc 2
	FUNNIES.LBR - A barrel of fun
	ZM.LBR - There's always room for another assembler
	BLIST.LBR - Turbo Pascal list utility
	QUOTES.PRN - Pithy savings of pithy people
	PIPPATCH.AQM - File with patches to PIP
	SAVER.AQM - Recover text from memory after Wordstar crash
	FRUN.COM - Odd game
	CRC.COM - Cyclic redundancy check program
	-->
	<software name="zeus14" supported="no">
		<description>Zeus Public Domain Software Disk 14</description>
		<year>1985</year>
		<publisher>Zorba Equipment Users' Society (Zeus)</publisher>

		<part name="flop1" interface="floppy_5_25">
			<dataarea name="flop" size="302842">
				<rom name="zeuslib. 014 public domain software.td0" size="302842" crc="d4ffdd8a" sha1="7b2caae4c4623c25469e06d190b4fa53c67bdce8"/>
			</dataarea>
		</part>
	</software>

	<!--
	Zeuslib. 015 Public Domain Software
	DIRFILES3.LBR - Utility to associate a comment with each file name
	NULU10.COM - Assembly language version of LU & LSWEEP
	ADDRESS.LBR - Computerized name, address and phone number book
	FTNOTE12.LBR - Footnoting program for use with WordStar
	EDIT.LBR - Line Editor
	LUX42.LBR - Utility for browsing on-line in libraries (LBR files)
	DIRR.COM - Another directory program
	FOOTBALL.COM - A game of American football
	LFILTER.LBR - Utility to facilitate file interchange
	MCIMAIL2.LBR - A library of MCI mail stuff
	XLIST.COM - Cross-reference utility for Turbo Pascal programs
	SIFT.LBR - Finds a string in a text file
	ZORKHINT.LBR - Some programs to assist you with the game ZORK
	PASSWORD.AQM - squeezed source for PASSWORD program on Zeuslib.003
	HANG.BAS - what could this be? You'll need MBASIC to find out.
	UNSPOOL.HLP - Help file for UNSPOOL program
	CRC.COM - Cyclic redundancy check program
	-->
	<software name="zeus15" supported="no">
		<description>Zeus Public Domain Software Disk 15</description>
		<year>1985</year>
		<publisher>Zorba Equipment Users' Society (Zeus)</publisher>

		<part name="flop1" interface="floppy_5_25">
			<dataarea name="flop" size="238514">
				<rom name="zeuslib. 015 public domain software.td0" size="238514" crc="200665b1" sha1="e8a690c2f2d3a4439b4b34f9c2077f8f3d4035ca"/>
			</dataarea>
		</part>
	</software>

	<!--
	Zeuslib. 016 Public Domain Software
	SMC.COM - The Small C complier
	FORTH.COM - A true Fig-Forth
	XLISP.COM - This is LISP from SIG/M
	-->
	<software name="zeus16" supported="no">
		<description>Zeus Public Domain Software Disk 16</description>
		<year>1985</year>
		<publisher>Zorba Equipment Users' Society (Zeus)</publisher>

		<part name="flop1" interface="floppy_5_25">
			<dataarea name="flop" size="284722">
				<rom name="zeuslib. 016 public domain software.td0" size="284722" crc="6a2de0eb" sha1="a7804dd1a0dec12b5e8525fbdba08b0f3b360cff"/>
			</dataarea>
		</part>
	</software>

	<!--
	Zeuslib. 017 Public Domain Software
	TOUR.COM - Outline processor
	DIRFILES.COM - Ver. 3.1 creates a 'data' file listing
	EDIT.COM - Small, fast text editor
	EX15.COM - Replacement for Submit.com and Xsub.com
	FILT6.COM - Filters text files and removes control characters
	WSDOCON.COM - Converts any text file into Wordstar document file
	KERMIT39.COM - Telecommunications program
	N30.COM - Accepts any decimal, hex, or binary number or any ASCII character and displays the value in all four modes
	WHATCHAR.COM - Accepts keyboard entry and displays decimal and hexadecimal equivalent
	NULU12.COM - Latest version of NU L(ibrary) U(tility)
	QK21.COM - Qwikkey version 2.1
	SUPERZAP.COM - Full screen interactive disk update utility
	MEMAP.COM - System map utility
	TPA.COM - Display TPA size
	WINDEX.COM - Creates an index for any Wordstar document file
	WS-USER.AQM - Assembly patch for changing default drives
	GRXR.LBR - Turns a text file into a 'runnable' .com file
	-->
	<software name="zeus17" supported="no">
		<description>Zeus Public Domain Software Disk 17</description>
		<year>1985</year>
		<publisher>Zorba Equipment Users' Society (Zeus)</publisher>

		<part name="flop1" interface="floppy_5_25">
			<dataarea name="flop" size="196860">
				<rom name="zeuslib. 017 public domain software.td0" size="196860" crc="494998ae" sha1="495e97b1329370619b36769be10a90b70995de22"/>
			</dataarea>
		</part>
	</software>

	<!--
	Zeuslib. 018 Public Domain Software
	MEX (A Modem Executive for CP/M-80)
	(Version 1.12 and 1.14 - instructions & help files)
	(Zorba - specific overlay files & runnable version)
	Command files
	Documentation, Help files
	MEX command/key/library files
	MEX overlay/patch files
	-->
	<software name="zeus18" supported="no">
		<description>Zeus Public Domain Software Disk 18</description>
		<year>1985</year>
		<publisher>Zorba Equipment Users' Society (Zeus)</publisher>

		<part name="flop1" interface="floppy_5_25">
			<dataarea name="flop" size="232056">
				<rom name="zeuslib. 018 public domain software.td0" size="232056" crc="d0cb40d8" sha1="34ce4b85f0245a70c98b79420643e179aaf94e1a"/>
			</dataarea>
		</part>
	</software>

	<!--
	Zeuslib. 019 Public Domain Software
	Wordprocessing & Text Utilities Disk:
	Biblioms (Bibliography Management system)
	Sift 2.2 - Text search/sort (Zorba specific)
	Listfilz - Annotated disk directories
	Linesort - Alphabetical sort line-by-line
	Screenwright - Screenplay formatter
	Wordstar patches - how to get started
	-->
	<software name="zeus19" supported="no">
		<description>Zeus Public Domain Software Disk 19</description>
		<year>1985</year>
		<publisher>Zorba Equipment Users' Society (Zeus)</publisher>

		<part name="flop1" interface="floppy_5_25">
			<dataarea name="flop" size="202302">
				<rom name="zeuslib. 019 public domain software.td0" size="202302" crc="5aab0c0f" sha1="a79d65730aa2fb8aa6bd8667a1a2a049b29e6b68"/>
			</dataarea>
		</part>
	</software>

	<!--
	Zeuslib. 020 Public Domain Software
	Oracle of Zeus - Index (Volume 1)
	Supercalc, Calcstar, Infostar templates
	Curve-fitting and graphing programs
	MBASIC programmer's utility
	Zorba utilities and oddities
	M7ZB-4 - latest Zorba modem overlay
	RECIPE.COM - file your kitchen favorites
	-->
	<software name="zeus20" supported="no">
		<description>Zeus Public Domain Software Disk 20</description>
		<year>1985</year>
		<publisher>Zorba Equipment Users' Society (Zeus)</publisher>

		<part name="flop1" interface="floppy_5_25">
			<dataarea name="flop" size="237880">
				<rom name="zeuslib. 020 public domain software.td0" size="237880" crc="48dbec4f" sha1="cbf6ace0fdb29fdff8d7e01f21a029339fab7198"/>
			</dataarea>
		</part>
	</software>

	<!--
	Zeuslib. 021 Public Domain Software
	Entertaining and Educational Games
	(With MBASIC, CBASIC, and Pascal source included)
	-->
	<software name="zeus21" supported="no">
		<description>Zeus Public Domain Software Disk 21</description>
		<year>1985</year>
		<publisher>Zorba Equipment Users' Society (Zeus)</publisher>

		<part name="flop1" interface="floppy_5_25">
			<dataarea name="flop" size="269470">
				<rom name="zeuslib. 021 public domain software.td0" size="269470" crc="0efd6c68" sha1="a2b52a52694d9c75486f8573c4534442e3531c7f"/>
			</dataarea>
		</part>
	</software>

	<!--
	Zeuslib. 022 Public Domain Software
	Forth-83 (Version 2.1.1) - The Laxen/Perry Model
	F83.COM - the compiled system
	The source files - all .BLK files
	Documentation/instruction files
	TUTORIAL.COM - simple help for begginers
	-->
	<software name="zeus22" supported="no">
		<description>Zeus Public Domain Software Disk 22</description>
		<year>1985</year>
		<publisher>Zorba Equipment Users' Society (Zeus)</publisher>

		<part name="flop1" interface="floppy_5_25">
			<dataarea name="flop" size="252560">
				<rom name="zeuslib. 022 public domain software.td0" size="252560" crc="2bcd0db4" sha1="ccd3371ed90c68f88dede9dbbe6b3d4ee32b717f"/>
			</dataarea>
		</part>
	</software>

	<software name="zeusbios" supported="no">
		<description>Zorba BIOS (v1.8Z)</description>
		<year>1986</year>
		<publisher>Zorba Equipment Users' Society (Zeus)</publisher>

		<part name="flop43" interface="floppy_5_25">
			<dataarea name="flop" size="116362">
				<rom name="zorba bios v1.8z.td0" size="116362" crc="51e4746a" sha1="ed363b3ef97e273ac887a46c1a839dc8b5d15307"/>
			</dataarea>
		</part>
	</software>

<!-- Co-Power-88 disks -->

	<software name="copower" supported="no">
		<description>Co-Power-88 for Telcon Zorba</description>
		<year>1985</year>
		<publisher>SWP</publisher>
		<info name="usage" value="Requires Co-Power-88 expansion" />

		<part name="flop19" interface="floppy_5_25">
			<dataarea name="flop" size="39433">
				<rom name="swp co-power 88.td0" size="39433" crc="f4134db7" sha1="fc270abad2f715b86138d192ccc7f9ab173e77c9"/>
			</dataarea>
		</part>
	</software>

	<software name="cpm86" supported="no">
		<description>CP/M-86 (v1.1)</description>
		<year>1983</year>
		<publisher>SWP?</publisher>
		<info name="usage" value="Requires Co-Power-88 expansion" />

		<part name="flop1" interface="floppy_5_25">
			<dataarea name="flop" size="247616">
				<rom name="digital research cpm-86 v1.1.td0" size="247616" crc="d6137dca" sha1="0feba6c3c36f28be5aec57ec877ea57e67d1754a"/>
			</dataarea>
		</part>
	</software>

	<software name="pcdos330" supported="no">
		<description>PC-DOS (v3.30)</description>
		<year>1987</year>
		<publisher>SWP?</publisher>
		<info name="usage" value="Requires Co-Power-88 expansion" />

		<part name="flop18" interface="floppy_5_25">
			<dataarea name="flop" size="322343">
				<rom name="pc dos 3.30 system disk.td0" size="322343" crc="ca6260df" sha1="2a0d4988ee2562a98b7af1d345d4899ce55aa8d2"/>
			</dataarea>
		</part>
	</software>

	<software name="pcdos211" supported="no">
		<description>PC-DOS (v2.11)</description>
		<year>1983</year>
		<publisher>SWP?</publisher>
		<info name="usage" value="Requires Co-Power-88 expansion" />

		<part name="flop1" interface="floppy_5_25">
			<dataarea name="flop" size="227363">
				<rom name="pc dos 2.11 system disk 1.td0" size="227363" crc="c6291464" sha1="68b7ccd7ffac98f76bca48ae4cae2fccd70f8a51"/>
			</dataarea>
		</part>
		<part name="flop2" interface="floppy_5_25">
			<dataarea name="flop" size="228103">
				<rom name="pc dos 2.11 system disk 2.td0" size="228103" crc="3f898887" sha1="0071c716f1c6d5be153c5013f29819869f449209"/>
			</dataarea>
		</part>
	</software>

</softwarelist>
