{
  "info" : {
    "version" : 1,
    "author" : "MAME for iOS",
    "description" : "Custom Skin for pacman"
  },
  "portrait_tall" : {
    "L1" : "92,-143,0",
    "R1" : "896,-166,0",
    "A+Y" : "675,353,0",
    "A" : "766,660,0",
    "STICK" : "0503,509,200",
    "B+Y" : "855,353,0",
    "B" : "853,504,0",
    "X" : "770,543,0",
    "A+X" : "862,615,0",
    "Y" : "766,348,0"
  },
  "portrait" : {
    "L1" : "92,-143,0",
    "R1" : "896,-166,0",
    "A+Y" : "675,353,0",
    "A" : "766,660,0",
    "STICK" : "492,587,335",
    "B+Y" : "855,353,0",
    "B" : "853,504,0",
    "X" : "770,543,0",
    "A+X" : "862,615,0",
    "Y" : "766,348,0"
  }
}
