 {
    "info": {
         "version": 1,
         "author": "MAME4iOS",
         "description": "Default button layout for MAME4iOS and MAME4mac"
    },
    "portrait" : {
        "A" : "767,662,180",
        "B" : "854,506,180",
        "X" : "679,506,180",
        "Y" : "767,350,180",
        "L1" : "593,664,180",
        "R1" : "680,820,180",
        "A+Y" : "677,355,105",
        "A+X" : "677,663,105",
        "B+Y" : "857,355,105",
        "B+X" : "857,663,105",
        "A+B" : "766,506,0",
        "SELECT" : "100,113,220",
        "EXIT" : "408,113,220",
        "OPTION" : "598,113,220",
        "START" : "900,113,220",
        "STICK" : "250,600,450"
    },
    "portrait_tall" : {
        "A" : "671,742,221",
        "X" : "657,440,221",
        "B" : "857,667,221",
        "Y" : "844,365,221",
        "L1" : "500,300,0",
        "R1" : "500,500,0",
        "A+Y" : "684,343,190",
        "A+X" : "657,642,190",
        "B+Y" : "844,468,190",
        "B+X" : "833,792,190",
        "A+B" : "757,553,0",
        "START" : "877,130,280",
        "SELECT" : "123,130,280",
        "EXIT" : "342,126,280",
        "OPTION" : "659,126,280",
        "STICK" : "259,601,448"
    },
    "landscape" : {
        "A" : "915,890,120",
        "B" : "948,770,120",
        "X" : "821,890,120",
        "Y" : "851,770,120",
        "L1" : "60,519,120",
        "R1" : "948,519,120",
        "B+X" : "959,869,73",
        "A+Y" : "825,851,73",
        "B+Y" : "884,731,73",
        "A+X" : "858,941,73",
        "A+B" : "884,830,0",
        "EXIT" : "60,54,120",
        "OPTION" : "938,61,120",
        "START" : "938,121,120",
        "SELECT" : "60,114,120",
        "STICK" : "145,818,226"
    },
    "landscape_wide" : {
        "A" : "870,873,125",
        "B" : "927,700,125",
        "X" : "771,871,125",
        "Y" : "827,703,125",
        "L1" : "100,411,125",
        "R1" : "927,411,125",
        "A+X" : "680,871,107",
        "A+Y" : "738,708,107",
        "B+X" : "953,863,107",
        "B+Y" : "956,572,107",
        "A+B" : "849,785,0",
        "SELECT" : "100,145,200",
        "EXIT" : "100,44,200",
        "OPTION" : "927,44,200",
        "START" : "927,145,200",
        "STICK" : "100,788,250"
    }
}
