<?xml version="1.0"?>
<!DOCTYPE softwarelist SYSTEM "softwarelist.dtd">
<!--
license:CC0-1.0
-->
<softwarelist name="adam_cart" description="Coleco Adam cartridges">

	<!--
	<software name="adamdev" supported="no">
	    <description>ADAM Dev (prototype)</description>
	    <year>198?</year>
	    <publisher>Coleco?</publisher>
	    <part name="cart" interface="coleco_cart">
	        <dataarea name="rom" size="24576">
	            <rom name="51c9-chip1-12-6-84.bin" size="8192" crc="148c7b1d" sha1="fd32bd9bc6053b263cfc51267e0ef3f7305df121" offset="0x0000" />
	            <rom name="51c9-chip2-12-6-84.bin" size="8192" crc="4fbea31a" sha1="e17f817f1ab89a8b2c6d8dc2790ffb042da47df3" offset="0x2000" />
	            <rom name="51c9-chip3-12-6-84.bin" size="8192" crc="0b418ba1" sha1="6cc84dd6dbe9e3e4f3be35695d89ef3d6e1c1244" offset="0x4000" />
	            <rom name="51c9-chip4-12-6-84.bin" size="8192" crc="653ff925" sha1="0df057b7b1dcd969411abb1f084cb8354013103a" offset="0x6000" />
	        </dataarea>
	    </part>
	</software>
	-->

	<software name="ard" supported="no">
		<description>ADAM Resident Debugger (prototype revision 2.0)</description>
		<year>198?</year>
		<publisher>Coleco?</publisher>

		<part name="cart" interface="coleco_cart">
			<dataarea name="rom" size="0x6000">
				<rom name="ardrev20-chip1-10-31-6a1a.bin" size="0x2000" crc="4667ea7e" sha1="99543b5fc1b85fa1e543f9a8f96681988d96c4cc" offset="0x0000" />
				<rom name="ardrev20-chip2-10-31-f5f6.bin" size="0x2000" crc="e6e2dcad" sha1="1ce45aeba3eba6cb8b277d8ba02b98c82f94e59e" offset="0x2000" />
				<rom name="ardrev20-chip3-10-31-4ede.bin" size="0x2000" crc="f8dd08eb" sha1="16a6c0c66f5bcb8bb67989c951342e691adfd240" offset="0x4000" />
			</dataarea>
		</part>
	</software>

	<software name="adamdemo">
		<description>ADAM Demonstration Cartridge</description>
		<year>198?</year>
		<publisher>Coleco</publisher>
		<part name="cart" interface="coleco_cart">
			<dataarea name="rom" size="0x6000">
				<rom name="adam demonstration cartridge (198x) (coleco).rom" size="0x6000" crc="20528799" sha1="4143ddbdb533fef88f5fcf6bc5206727740876c8"/>
			</dataarea>
		</part>
	</software>

	<software name="adamdiag">
		<description>ADAM Diagnostics</description>
		<year>198?</year>
		<publisher>Coleco</publisher>
		<part name="cart" interface="coleco_cart">
			<dataarea name="rom" size="0x8000">
				<rom name="adam diagnostics (1981) (coleco).rom" size="0x8000" crc="a44efda7" sha1="8336365697710834d8e678077e2e2d65ccd937d6"/>
			</dataarea>
		</part>
	</software>

	<software name="adamdiaga" cloneof="adamdiag">
		<description>ADAM Diagnostics (alt)</description>
		<year>198?</year>
		<publisher>Coleco</publisher>
		<part name="cart" interface="coleco_cart">
			<dataarea name="rom" size="0x8000">
				<rom name="adam diagnostics (1982) (coleco).rom" size="0x8000" crc="8a6ed2f0" sha1="4c00c5254317301e10593ad444578fe66d24dd0d"/>
			</dataarea>
		</part>
	</software>

	<software name="adamtest">
		<description>ADAM Final Test</description>
		<year>198?</year>
		<publisher>Coleco</publisher>
		<part name="cart" interface="coleco_cart">
			<dataarea name="rom" size="0x4000">
				<rom name="adam final test (198x) (coleco).rom" size="0x4000" crc="5e5c5c2f" sha1="428bbc848ae14f5557c3577a8e9ee55b718e15cd"/>
			</dataarea>
		</part>
	</software>

	<software name="adamtesta" cloneof="adamtest">
		<description>ADAM Final Test (alt)</description>
		<year>198?</year>
		<publisher>Coleco</publisher>
		<part name="cart" interface="coleco_cart">
			<dataarea name="rom" size="0x6000">
				<rom name="adam final test (198x) (alt) (coleco).rom" size="0x6000" crc="4e466142" sha1="bd30088fc848817fdb4df2b092eca8de158232db"/>
			</dataarea>
		</part>
	</software>

	<software name="burnprn">
		<description>ADAM Printer 1 Hour Cycle Burn-In Test</description>
		<year>1982</year>
		<publisher>Coleco</publisher>
		<part name="cart" interface="coleco_cart">
			<dataarea name="rom" size="0x2000">
				<rom name="adam printer 1 hour cycle burn-in test (198x) (coleco).rom" size="0x2000" crc="1394a166" sha1="8729374eb0cba74dc98f556e2d68298d2fae598f"/>
			</dataarea>
		</part>
	</software>

	<software name="burnddp">
		<description>Data Drive Burn-In DDP Test</description>
		<year>198?</year>
		<publisher>Coleco</publisher>
		<part name="cart" interface="coleco_cart">
			<dataarea name="rom" size="0x2000">
				<rom name="data drive burn-in ddp test (198x) (coleco).rom" size="0x2000" crc="e1d79586" sha1="17cf4168f1f82204bd23e160c7451ff5dc69aa06"/>
			</dataarea>
		</part>
	</software>

	<software name="ddpblank">
		<description>Blank DDP Restorer (v1.4)</description>
		<year>198?</year>
		<publisher>Coleco</publisher>
		<part name="cart" interface="coleco_cart">
			<dataarea name="rom" size="0x2000">
				<rom name="blank ddp restorer rev. 1.4 (198x) (coleco).rom" size="0x2000" crc="c63b6cb1" sha1="0aebe6ded955092cfbb13820ee1d07580dd1999f"/>
			</dataarea>
		</part>
	</software>

	<software name="ddpbuck">
		<description>Buck Rogers DDP Restorer (v1.4)</description>
		<year>198?</year>
		<publisher>Coleco</publisher>
		<part name="cart" interface="coleco_cart">
			<dataarea name="rom" size="0x2000">
				<rom name="buck rogers ddp restorer rev. 1.4 (198x) (coleco).rom" size="0x2000" crc="60e433e7" sha1="ae6ebb1b2d05e49e301a26098c9b5995f2291d43"/>
			</dataarea>
		</part>
	</software>

	<software name="ddpbasic">
		<description>SmartBASIC DDP Restorer (v1.4)</description>
		<year>198?</year>
		<publisher>Coleco</publisher>
		<part name="cart" interface="coleco_cart">
			<dataarea name="rom" size="0x2000">
				<rom name="smartbasic ddp restorer rev. 1.4 (198x) (coleco).rom" size="0x2000" crc="e9ebff89" sha1="0e186358583b23eb6ca88f51bc67b3a568350748"/>
			</dataarea>
		</part>
	</software>

	<software name="adamtape">
		<description>ADAM Tape Util (v22)</description>
		<year>1982</year>
		<publisher>Coleco</publisher>
		<part name="cart" interface="coleco_cart">
			<dataarea name="rom" size="0x2000">
				<rom name="adam tape util rev. 22 (1984) (coleco).rom" size="0x2000" crc="f235aba4" sha1="4db424c25c6ee010850e6783c844ad75bebf0359"/>
			</dataarea>
		</part>
	</software>

	<software name="gfxproc">
		<description>Coleco Graphics Processor</description>
		<year>1984</year>
		<publisher>Coleco</publisher>
		<part name="cart" interface="coleco_cart">
			<dataarea name="rom" size="0x8000">
				<rom name="Coleco Graphics Processor (1984) (Coleco).rom" size="0x8000" crc="5d09075d" sha1="ce2fec45a410408ed0789966e7ff8391b0374a19"/>
			</dataarea>
		</part>
	</software>

</softwarelist>
