<?xml version="1.0"?>
<!DOCTYPE softwarelist SYSTEM "softwarelist.dtd">
<!--
license:CC0
-->
<softwarelist name="aleste" description="Patisonic Aleste 520EX floppies">

	<!-- sound is not played -->
	<software name="magicsnd" supported="partial">
		<description>Magic Sound Tracker Player</description>
		<year>1993</year>
		<publisher>&lt;unknown&gt;</publisher>

		<part name="flop1" interface="floppy_3_5">
			<dataarea name="flop" size="737280">
				<rom name="magplayer.dsk" size="737280" crc="3fbebfe8" sha1="f9abaec938c0be7ed1bf3851f0a35a358df35fd3"/>
			</dataarea>
		</part>
	</software>

	<software name="msxdos">
		<description>MSX-DOS + Developer Tools</description>
		<year>1993</year>
		<publisher>Microsoft - Patisonic</publisher>

		<part name="flop1" interface="floppy_3_5">
			<dataarea name="flop" size="737280">
				<rom name="alestedos-dev.dsk" size="737280" crc="7b2b64a9" sha1="2307eb72478a01a461e231d2dcae28249145c38f"/>
			</dataarea>
		</part>
	</software>

	<software name="msxgames">
		<description>MSX Games</description>
		<year>19??</year>
		<publisher>&lt;unknown&gt;</publisher>

		<part name="flop1" interface="floppy_3_5">
			<dataarea name="flop" size="737280">
				<rom name="msx games.dsk" size="737280" crc="4dad43d8" sha1="57c40c44e8bc23193008aee77903f8b8021c3968"/>
			</dataarea>
		</part>
	</software>

</softwarelist>
