<?xml version="1.0"?>
<!DOCTYPE softwarelist SYSTEM "softwarelist.dtd">
<!--
license:CC0-1.0

Dick Smith catalog numbers, taken from advertisements:

X-6000 : Aquarius computer (2K RAM)
X-6005 : Mini Expander
X-6010 : Data Recorder
X-6015 : 16K RAM cart
X-6020 : 32K RAM cart
X-6025 : Thermal Printer
X-6026 : Roll of paper for the printer
X-6109 : Space Ram
X-6110 : Invaders
X-6200 : Maths Armada
X-6201 : Read It
X-6202 : Spell It
X-6203 : Chess
?-???? : Ghost Hunter

-->

<softwarelist name="aquarius_cart" description="Mattel Aquarius cartridges">

	<software name="addtot">
		<description>Advanced Dungeons and Dragons: Treasure of Tarmin</description>
		<year>1983</year>
		<publisher>Mattel Electronics</publisher>
		<info name="serial" value="4023" />
		<part name="cart" interface="aquarius_cart">
			<dataarea name="rom" size="0x4000">
				<rom name="treasue of tarmin.bin" size="0x4000" crc="2fe95594" sha1="e3e494b9dd9623c92f54cc7d12af29b1103f000f"/>
			</dataarea>
		</part>
	</software>

	<software name="aqcart">
		<description>Aquaricart</description>
		<year>2011</year>
		<publisher>&lt;homebrew&gt;</publisher>
		<info name="author" value="Jay Snellen, III"/>
		<part name="cart" interface="aquarius_cart">
			<feature name="slot" value="sc1" />
			<dataarea name="rom" size="0x100000">
				<rom name="aquaricart_v135.bin" size="0x100000" crc="a0844430" sha1="56f53ce63769720b58a74bafb45da35276b72330"/>
			</dataarea>
		</part>
	</software>

	<software name="aqworm">
		<description>Aquariworm</description>
		<year>2020</year>
		<publisher>Cronosoft</publisher>
		<info name="author" value="Roy Templeman"/>
		<part name="cart" interface="aquarius_cart">
			<dataarea name="rom" size="0x4000">
				<rom name="aworm.bin" size="0x4000" crc="0cbaa1cf" sha1="95bffb44e66d78c3caee834fd53a876d113e3d25"/>
			</dataarea>
		</part>
	</software>

	<software name="arabiced">
		<description>Arabic Editor</description>
		<year>198?</year>
		<publisher>Ecico</publisher>
		<part name="cart" interface="aquarius_cart">
			<dataarea name="rom" size="0x4000">
				<rom name="arabic_editor.bin" size="0x4000" crc="a0a534a9" sha1="3c463071d49adf7914ea6dd62beab284bb3c4e22"/>
			</dataarea>
		</part>
	</software>

	<software name="astrsmah">
		<description>Astrosmash</description>
		<year>1983</year>
		<publisher>Mattel Electronics</publisher>
		<info name="serial" value="4003" />
		<part name="cart" interface="aquarius_cart">
			<dataarea name="rom" size="0x4000">
				<rom name="astrosmash.bin" size="0x4000" crc="ce76c898" sha1="f47034bbfacd3042090388f0e459d48a830ab9c6"/>
			</dataarea>
		</part>
	</software>

	<software name="biorhtms">
		<description>Biorhythms</description>
		<year>1983</year>
		<publisher>Mattel Electronics</publisher>
		<info name="serial" value="4673" />
		<part name="cart" interface="aquarius_cart">
			<dataarea name="rom" size="0x4000">
				<rom name="biorhythms.bin" size="0x4000" crc="47e1c47b" sha1="68fccc2c2cb0841496ea1c5681b17cb689ac102a"/>
			</dataarea>
		</part>
	</software>

	<software name="blbasic10" cloneof="blbasic">
		<description>Bootloader BASIC v1.0</description>
		<year>2014</year>
		<publisher>&lt;homebrew&gt;</publisher>
		<info name="author" value="Martin v.d. Steenoven"/>
		<part name="cart" interface="aquarius_cart">
			<dataarea name="rom" size="0x4000">
				<rom name="blbasic10.bin" size="0x4000" crc="9f18b1ba" sha1="b3954fbd20623715900d075db7ae17a905b425bc"/>
			</dataarea>
		</part>
	</software>

	<software name="blbasic11" cloneof="blbasic">
		<description>Bootloader BASIC v1.1</description>
		<year>2014</year>
		<publisher>&lt;homebrew&gt;</publisher>
		<info name="author" value="Martin v.d. Steenoven"/>
		<part name="cart" interface="aquarius_cart">
			<dataarea name="rom" size="0x4000">
				<rom name="blbasic11.bin" size="0x4000" crc="360c67fe" sha1="eaf41f661150cd34e4c0e09acb49e1f743ce3589"/>
			</dataarea>
		</part>
	</software>

	<software name="blbasic20" cloneof="blbasic">
		<description>Bootloader BASIC v2.0</description>
		<year>2014</year>
		<publisher>&lt;homebrew&gt;</publisher>
		<info name="author" value="Martin v.d. Steenoven"/>
		<part name="cart" interface="aquarius_cart">
			<dataarea name="rom" size="0x4000">
				<rom name="blbasic20.bin" size="0x4000" crc="0a6e6dff" sha1="b928cb89aba31cc42105caec7a66489eb0dce214"/>
			</dataarea>
		</part>
	</software>

	<software name="blbasic">
		<description>Bootloader BASIC v2.1</description>
		<year>2014</year>
		<publisher>&lt;homebrew&gt;</publisher>
		<info name="author" value="Martin v.d. Steenoven"/>
		<part name="cart" interface="aquarius_cart">
			<dataarea name="rom" size="0x4000">
				<rom name="blbasic21.bin" size="0x4000" crc="07853524" sha1="a3e2d85cf30dd16ac1afb756c7e718c894db631e"/>
			</dataarea>
		</part>
	</software>

	<software name="blbird">
		<description>BL-Bird</description>
		<year>2015</year>
		<publisher>&lt;homebrew&gt;</publisher>
		<info name="author" value="Martin v.d. Steenoven"/>
		<part name="cart" interface="aquarius_cart">
			<dataarea name="rom" size="0x4000">
				<rom name="blbird.bin" size="0x4000" crc="8291827a" sha1="b25d9df9e86be5d6d49fdf7c7dcdd632ab68b5be"/>
			</dataarea>
		</part>
	</software>

	<software name="bombc">
		<description>Bomb Catcher II (16K)</description>
		<year>2021</year>
		<publisher>Cronosoft</publisher>
		<info name="author" value="Roy Templeman"/>
		<part name="cart" interface="aquarius_cart">
			<dataarea name="rom" size="0x4000">
				<rom name="bombc16.rom" size="0x4000" crc="67ee7d94" sha1="fe8965ced847bfacd9420204604bf585ff3f03fc"/>
			</dataarea>
		</part>
	</software>

	<software name="bombc8" cloneof="bombc">
		<description>Bomb Catcher II (8K)</description>
		<year>2021</year>
		<publisher>Cronosoft</publisher>
		<info name="author" value="Roy Templeman"/>
		<part name="cart" interface="aquarius_cart">
			<dataarea name="rom" size="0x4000">
				<rom name="bombc8k.rom" size="0x4000" crc="056c2848" sha1="858aa69f32900e1ffcf4449997de40a06a5cde7c"/>
			</dataarea>
		</part>
	</software>

	<software name="bombc4" cloneof="bombc">
		<description>Bomb Catcher II (4K)</description>
		<year>2021</year>
		<publisher>Cronosoft</publisher>
		<info name="author" value="Roy Templeman"/>
		<part name="cart" interface="aquarius_cart">
			<dataarea name="rom" size="0x4000">
				<rom name="bombc4k.rom" size="0x4000" crc="e865cfbd" sha1="6c9cb93e3904cb0cf02860a58baaa387622189fa"/>
			</dataarea>
		</part>
	</software>

	<software name="btime">
		<description>Burgertime</description>
		<year>1983</year>
		<publisher>Mattel Electronics</publisher>
		<info name="serial" value="4653" />
		<part name="cart" interface="aquarius_cart">
			<dataarea name="rom" size="0x4000">
				<rom name="burgertime.bin" size="0x4000" crc="be678f07" sha1="8b72793cd9cfdd3bd17412bdaf2411ca06bb1abd"/>
			</dataarea>
		</part>
	</software>

	<software name="chess">
		<description>Chess</description>
		<year>1983</year>
		<publisher>Mattel Electronics</publisher>
		<info name="serial" value="4594" />
		<part name="cart" interface="aquarius_cart">
			<dataarea name="rom" size="0x4000">
				<rom name="chess.bin" size="0x4000" crc="0243e59f" sha1="7e7a47071d915c6e1408b3618d172daea889f02b"/>
			</dataarea>
		</part>
	</software>

	<software name="ebasic">
		<description>Extended Microsoft BASIC</description>
		<year>1983</year>
		<publisher>Radofin Electronics</publisher>
		<info name="serial" value="4392" />
		<part name="cart" interface="aquarius_cart">
			<dataarea name="rom" size="0x4000">
				<rom name="extended basic.bin" size="0x4000" crc="0dba1241" sha1="3559249c4ed6ed0662d44df64283cf15cdbd2561"/>
			</dataarea>
		</part>
	</software>

	<software name="fileform">
		<description>FileForm</description>
		<year>1983</year>
		<publisher>Mattel Electronics</publisher>
		<info name="serial" value="4177" />
		<part name="cart" interface="aquarius_cart">
			<dataarea name="rom" size="0x4000">
				<rom name="fileform.bin" size="0x4000" crc="a7d29abd" sha1="e46a258628a38fe8b13f85fc56e9e687963a74a3"/>
			</dataarea>
		</part>
	</software>

	<software name="finform">
		<description>FinForm</description>
		<year>1983</year>
		<publisher>Mattel Electronics</publisher>
		<info name="serial" value="4178" />
		<part name="cart" interface="aquarius_cart">
			<dataarea name="rom" size="0x4000">
				<rom name="finform.bin" size="0x4000" crc="366a6a5b" sha1="c6224efc44e5974684be88e093e6fc6d9a7ea2a8"/>
			</dataarea>
		</part>
	</software>

	<software name="logo">
		<description>LOGO</description>
		<year>1983</year>
		<publisher>Mattel Electronics</publisher>
		<info name="serial" value="4391" />
		<part name="cart" interface="aquarius_cart">
			<dataarea name="rom" size="0x4000">
				<rom name="logo.bin" size="0x4000" crc="0b8d198e" sha1="8e1fa06e81f9cc02d00fceb33a794591d5ea83cd"/>
			</dataarea>
		</part>
	</software>

	<software name="demo">
		<description>Demonstration</description>
		<year>1983</year>
		<publisher>Mattel Electronics</publisher>
		<part name="cart" interface="aquarius_cart">
			<dataarea name="rom" size="0x4000">
				<rom name="demo.bin" size="0x4000" crc="bb922570" sha1="049efcd7771c3108e4ba6ed60434f8237fb60307"/>
			</dataarea>
		</part>
	</software>

	<software name="melchase">
		<description>Melody Chase</description>
		<year>1983</year>
		<publisher>Mattel Electronics</publisher>
		<info name="serial" value="4652" />
		<part name="cart" interface="aquarius_cart">
			<dataarea name="rom" size="0x4000">
				<rom name="melodychase.bin" size="0x4000" crc="6f99dbaf" sha1="8d0742149bf71620b2dd471bd5d05f1156fbd6a6"/>
			</dataarea>
		</part>
	</software>

	<software name="minidiag">
		<description>Mini Expander Diagnostics</description>
		<year>1982</year>
		<publisher>Radofin Electronics</publisher>
		<part name="cart" interface="aquarius_cart">
			<dataarea name="rom" size="0x1000">
				<rom name="mini expander diagnostics.bin" size="0x1000" crc="a2417af2" sha1="e89c054f240f40db02209136b8d7e8a6d9dd5a62"/>
			</dataarea>
		</part>
	</software>

	<software name="nstalker">
		<description>Night Stalker</description>
		<year>1983</year>
		<publisher>Mattel Electronics</publisher>
		<info name="serial" value="4595" />
		<part name="cart" interface="aquarius_cart">
			<dataarea name="rom" size="0x4000">
				<rom name="night stalker.bin" size="0x4000" crc="032ae514" sha1="3183bb81a428ce68c9919d96d91be29fcc1aad3f"/>
			</dataarea>
		</part>
	</software>

	<software name="shark">
		<description>Shark! (prototype)</description>
		<year>1983</year>
		<publisher>Mattel Electronics</publisher>
		<part name="cart" interface="aquarius_cart">
			<dataarea name="rom" size="0x4000">
				<rom name="shark.bin" size="0x4000" crc="ee805a79" sha1="ddcc085699c3862ad41155e7f1a7b72396129cc5"/>
			</dataarea>
		</part>
	</software>

	<software name="snafu">
		<description>Snafu</description>
		<year>1983</year>
		<publisher>Mattel Electronics</publisher>
		<info name="serial" value="4028" />
		<part name="cart" interface="aquarius_cart">
			<dataarea name="rom" size="0x4000">
				<rom name="snafu.bin" size="0x4000" crc="aed0ea34" sha1="d65b3d4b0e3abdc844ecabbaecc6d095a27aa982"/>
			</dataarea>
		</part>
	</software>

	<software name="speller">
		<description>Space Speller</description>
		<year>1983</year>
		<publisher>Mattel Electronics</publisher>
		<info name="serial" value="4682" />
		<part name="cart" interface="aquarius_cart">
			<dataarea name="rom" size="0x4000">
				<rom name="space speller.bin" size="0x4000" crc="49a88710" sha1="9fc967addeba5280e5e5390eaf81c3fe9ff8ab10"/>
			</dataarea>
		</part>
	</software>

	<software name="tron">
		<description>TRON Deadly Discs</description>
		<year>1983</year>
		<publisher>Mattel Electronics</publisher>
		<info name="serial" value="4024" />
		<part name="cart" interface="aquarius_cart">
			<dataarea name="rom" size="0x4000">
				<rom name="tron deadly discs.bin" size="0x4000" crc="6d6ebd1d" sha1="8750fea11e97ae754be6134d9849e3b039b78f55"/>
			</dataarea>
		</part>
	</software>

	<software name="utopia">
		<description>Utopia</description>
		<year>1983</year>
		<publisher>Mattel Electronics</publisher>
		<info name="serial" value="4596" />
		<part name="cart" interface="aquarius_cart">
			<dataarea name="rom" size="0x4000">
				<rom name="utopia.bin" size="0x4000" crc="1fc3002e" sha1="b9244274929cad68afb978e991edde1fc282f172"/>
			</dataarea>
		</part>
	</software>

	<software name="word">
		<description>Word Processor</description>
		<year>1986</year>
		<publisher>Balen</publisher>
		<part name="cart" interface="aquarius_cart">
			<dataarea name="rom" size="0x4000">
				<rom name="word processor.bin" size="0x4000" crc="807557d7" sha1="38ae9507c0d4b7765a678458acf6a894b8b47d29"/>
			</dataarea>
		</part>
	</software>

	<software name="zeroin">
		<description>Zero-In</description>
		<year>1983</year>
		<publisher>Mattel Electronics</publisher>
		<info name="serial" value="4895C" />
		<part name="cart" interface="aquarius_cart">
			<dataarea name="rom" size="0x2000">
				<rom name="zeroin.bin" size="0x2000" crc="277f1716" sha1="a256a18d5e9c5d03a8610c5de58cb8725de0247c"/>
			</dataarea>
		</part>
	</software>

	<!--Hardware -->

	<software name="c1541os" supported="no">
		<description>C1541 DOS V3.0</description>
		<year>1988</year>
		<publisher>Ron Koenig</publisher>
		<part name="cart" interface="aquarius_cart">
			<!--<feature name="slot" value="c1541" />-->
			<dataarea name="rom" size="0x4000">
				<rom name="1541os.bin" size="0x4000" crc="6cd611e8" sha1="b2c3eabaadf21b463653f0e2bcf7b70c4a13fc39"/>
			</dataarea>
		</part>
	</software>

	<software name="modem" supported="no">
		<description>Modem Terminal Software</description>
		<year>1983</year>
		<publisher>Mattel Electronics</publisher>
		<info name="usage" value="Modem required" />
		<part name="cart" interface="aquarius_cart">
			<dataarea name="rom" size="0x4000">
				<rom name="modem terminal software.bin" size="0x4000" crc="052dd522" sha1="35230b695470d9df1c37233107c2b29a18124f7b"/>
			</dataarea>
		</part>
	</software>

	<software name="qdisk101" cloneof="qdisk" supported="no">
		<description>Quick Disk V1.01</description>
		<year>198?</year>
		<publisher>Radofin Electronics</publisher>
		<part name="cart" interface="aquarius_cart">
			<feature name="slot" value="qdisk" />
			<dataarea name="rom" size="0x2000">
				<rom name="qd1_01.bin" size="0x2000" crc="acd84c35" sha1="94a0a0e947d44ffb1139e2776b4f7cf59a21b875"/>
			</dataarea>
		</part>
	</software>

	<software name="qdisk" supported="no">
		<description>Quick Disk V1.02</description>
		<year>198?</year>
		<publisher>Radofin Electronics</publisher>
		<part name="cart" interface="aquarius_cart">
			<feature name="slot" value="qdisk" />
			<dataarea name="rom" size="0x2000">
				<rom name="qd1_02.bin" size="0x2000" crc="1875ac79" sha1="5520ed2aa36ae6ff2cd7d9b496590b877d388396"/>
			</dataarea>
		</part>
	</software>

</softwarelist>
