<?xml version="1.0" encoding="UTF-8"?>
<!DOCTYPE softwarelist SYSTEM "softwarelist.dtd">
<!--
license:CC0-1.0

Acorn BBC Micro - 32016 Co-Processor Discs
-->

<softwarelist name="bbc_flop_32016" description="Acorn 32016 Co-Processor discs">

	<software name="panos11" cloneof="panos14">
		<description>PanOS Version 1.10 System Disks</description>
		<year>1985</year>
		<publisher>Acorn Computers</publisher>
		<info name="format" value="DFS" />
		<info name="usage" value="Requires 32016 co-processor" />
		<part name="flop1" interface="floppy_5_25">
			<feature name="part_id" value="PanOS Startup and Utilities"/>
			<dataarea name="flop" size="407552">
				<rom name="panos11-1.ssd" size="407552" crc="bec45a4d" sha1="4634c4bc7fc62576a0cfe2ac43d75abfca7458fc"/>
			</dataarea>
		</part>
		<part name="flop2" interface="floppy_5_25">
			<feature name="part_id" value="PanOS System"/>
			<dataarea name="flop" size="245760">
				<rom name="panos11-2.ssd" size="245760" crc="e80fb7c4" sha1="41cd9b89a0b3e844f22b2afc7ff4acc52ae7d70c"/>
			</dataarea>
		</part>
		<part name="flop3" interface="floppy_5_25">
			<feature name="part_id" value="FORTRAN 77 (PanOS)"/>
			<dataarea name="flop" size="309760">
				<rom name="panos11-3.ssd" size="309760" crc="43841e68" sha1="99afc53f9964f825f0361bbe5f9c228e4a24fa9c"/>
			</dataarea>
		</part>
		<part name="flop4" interface="floppy_5_25">
			<feature name="part_id" value="ISO PASCAL (PanOS)"/>
			<dataarea name="flop" size="360960">
				<rom name="panos11-4.ssd" size="360960" crc="634a61a5" sha1="232f80862d038f3932a8333bd3690e2e7f0aa25c"/>
			</dataarea>
		</part>
		<part name="flop5" interface="floppy_5_25">
			<feature name="part_id" value="C (PanOS)"/>
			<dataarea name="flop" size="401664">
				<rom name="panos11-5.ssd" size="401664" crc="99c7c7ad" sha1="bf5d4cece6673a04c634ea59af19cad3ed74e58b"/>
			</dataarea>
		</part>
		<part name="flop6" interface="floppy_5_25">
			<feature name="part_id" value="Cambridge LISP (PanOS)"/>
			<dataarea name="flop" size="409600">
				<rom name="panos11-6.ssd" size="409600" crc="e125d3c1" sha1="35f3cb89abc909e0d6787ffa2e727f0f4b1937b9"/>
			</dataarea>
		</part>
		<part name="flop7" interface="floppy_5_25">
			<feature name="part_id" value="Welcome Programs"/>
			<dataarea name="flop" size="377344">
				<rom name="panos11-7.ssd" size="377344" crc="baa462ea" sha1="22cab34f8f51b13a3995db63a83354097c0a613e"/>
			</dataarea>
		</part>
	</software>

	<software name="panos14">
		<description>PanOS Version 1.40 System Disks</description>
		<year>1986</year>
		<publisher>Acorn Computers</publisher>
		<info name="release" value="ANJ18" />
		<info name="format" value="DFS" />
		<info name="usage" value="Requires 32016 co-processor" />
		<part name="flop1" interface="floppy_5_25">
			<feature name="part_id" value="PanOS Startup and Utilities"/>
			<dataarea name="flop" size="384768">
				<rom name="panos14-1.ssd" size="384768" crc="eed42267" sha1="55a8a650ad214e2c623f6c0a2639acc96cd264cf"/>
			</dataarea>
		</part>
		<part name="flop2" interface="floppy_5_25">
			<feature name="part_id" value="PanOS System"/>
			<dataarea name="flop" size="205060">
				<rom name="panos14-2.ssd" size="205060" crc="5f0b7639" sha1="4bd9e7ee5db79f4c0f3608b7d2b9b5437aae356d"/>
			</dataarea>
		</part>
		<part name="flop3" interface="floppy_5_25">
			<feature name="part_id" value="FORTRAN 77 (PanOS)"/>
			<dataarea name="flop" size="290304">
				<rom name="panos14-3.ssd" size="290304" crc="5b28d9e4" sha1="e8503acb278259483bcb82697c3a8006be09ce42"/>
			</dataarea>
		</part>
		<part name="flop4" interface="floppy_5_25">
			<feature name="part_id" value="ISO PASCAL (PanOS)"/>
			<dataarea name="flop" size="378624">
				<rom name="panos14-4.ssd" size="378624" crc="62fc2639" sha1="f2ceeccb021f4c5030150244fb47897cc7e63f80"/>
			</dataarea>
		</part>
		<part name="flop5" interface="floppy_5_25">
			<feature name="part_id" value="C (PanOS)"/>
			<dataarea name="flop" size="378624">
				<rom name="panos14-5.ssd" size="378624" crc="2f0940f6" sha1="873942b6033fd234db791b34d4df76a866f366b7"/>
			</dataarea>
		</part>
		<part name="flop6" interface="floppy_5_25">
			<feature name="part_id" value="Cambridge LISP (PanOS)"/>
			<dataarea name="flop" size="409088">
				<rom name="panos14-6.ssd" size="409088" crc="5337964d" sha1="bfecd5cada401d6dfeb410ebc17fb62333f19bbc"/>
			</dataarea>
		</part>
		<part name="flop7" interface="floppy_5_25">
			<feature name="part_id" value="Welcome Programs"/>
			<dataarea name="flop" size="402176">
				<rom name="panos14-7.ssd" size="402176" crc="2e5e4fe4" sha1="f69687efea606468a72ed1363f6eab0ce8203f6b"/>
			</dataarea>
		</part>
	</software>

	<!-- Scientific Software -->

	<software name="gcal">
		<description>GCAL</description>
		<year>1986</year>
		<publisher>Acorn Computers</publisher>
		<info name="release" value="SSS01" />
		<info name="format" value="DFS" />
		<info name="usage" value="Requires 32016 co-processor" />
		<part name="flop1" interface="floppy_5_25">
			<dataarea name="flop" size="346112">
				<rom name="gcal.ssd" size="346112" crc="726d0a0f" sha1="918c63ee6f590fb4de5c8ec2f598f8bc7eede49a"/>
			</dataarea>
		</part>
	</software>

	<software name="bcpl">
		<description>BCPL</description>
		<year>1986</year>
		<publisher>Acorn Computers</publisher>
		<info name="release" value="SSS02" />
		<info name="format" value="DFS" />
		<info name="usage" value="Requires 32016 co-processor" />
		<part name="flop1" interface="floppy_5_25">
			<feature name="part_id" value="32016"/>
			<dataarea name="flop" size="123136">
				<rom name="bcpl_32016.ssd" size="123136" crc="bd2cb7b8" sha1="9531729ff41be02e243fd301594d2003bb5a6a29"/>
			</dataarea>
		</part>
		<part name="flop2" interface="floppy_5_25">
			<feature name="part_id" value="16032"/>
			<dataarea name="flop" size="166166">
				<rom name="bcpl_16032.ssd" size="166144" crc="6b497945" sha1="8212ef33115da4c5cc2ecbd0a3013666dc0dae54"/>
			</dataarea>
		</part>
	</software>

	<!-- 1986 SSS03 SPICE -->

	<software name="reduce">
		<description>Reduce</description>
		<year>1986</year>
		<publisher>Acorn Computers</publisher>
		<info name="release" value="SSS04" />
		<info name="format" value="DFS" />
		<info name="usage" value="Requires 32016 co-processor" />
		<part name="flop1" interface="floppy_5_25">
			<feature name="part_id" value="Disc 1"/>
			<dataarea name="flop" size="373504">
				<rom name="reduce_1_image_files.dsd" size="373504" crc="e35c610e" sha1="aeea0e8387104c55d010d3647d78ee368b81200a"/>
			</dataarea>
		</part>
		<part name="flop2" interface="floppy_5_25">
			<feature name="part_id" value="Disc 2"/>
			<dataarea name="flop" size="380416">
				<rom name="reduce_2_image_files.dsd" size="380416" crc="bb77b6b1" sha1="748a0de19608f3dc3cd48434f99d0a0f3bb93ff0"/>
			</dataarea>
		</part>
		<part name="flop3" interface="floppy_5_25">
			<feature name="part_id" value="Disc 3"/>
			<dataarea name="flop" size="381184">
				<rom name="reduce_3_image_files.dsd" size="381184" crc="692d5b61" sha1="2b2ab33c40e04844cccbf59fc896087d55c8884e"/>
			</dataarea>
		</part>
		<part name="flop4" interface="floppy_5_25">
			<feature name="part_id" value="Disc 4: Documentation"/>
			<dataarea name="flop" size="333824">
				<rom name="reduce_4_documentation.dsd" size="333824" crc="7745de76" sha1="9b77bfe0adbdacdefce6ffae961623d9cd6994b2"/>
			</dataarea>
		</part>
		<part name="flop5" interface="floppy_5_25">
			<feature name="part_id" value="Disc 5"/>
			<dataarea name="flop" size="400128">
				<rom name="reduce_5_source_files.dsd" size="400128" crc="1e18dfeb" sha1="e663538bbe926152ff347d63cf22d6bcd0e073ce"/>
			</dataarea>
		</part>
		<part name="flop6" interface="floppy_5_25">
			<feature name="part_id" value="Disc 6"/>
			<dataarea name="flop" size="404736">
				<rom name="reduce_6_source_files.dsd" size="404736" crc="7f1b9386" sha1="2cef49e910be2b5cd007dca7aca0ba71a9f00871"/>
			</dataarea>
		</part>
		<part name="flop7" interface="floppy_5_25">
			<feature name="part_id" value="Disc 7"/>
			<dataarea name="flop" size="402432">
				<rom name="reduce_7_source_files.dsd" size="402432" crc="8df7cdb4" sha1="bb475e58ce61000d23edac85b91f1954a1e866de"/>
			</dataarea>
		</part>
	</software>

	<!-- 1987 SSS06 Kermit -->

</softwarelist>
