<?xml version="1.0" encoding="UTF-8"?>
<!DOCTYPE softwarelist SYSTEM "softwarelist.dtd">
<!--
license:CC0-1.0

Acorn BBC Micro - ARM Co-Processor discs

    Loading Instructions:

      Hold down the SHIFT key and press and release the BREAK key.
-->

<softwarelist name="bbc_flop_arm" description="Acorn ARM Co-Processor discs">

	<software name="armevals">
		<description>ARM Evaluation System Discs</description>
		<year>1986</year>
		<publisher>Acorn Computers</publisher>
		<info name="format" value="ADFS" />
		<info name="usage" value="Requires ARM co-processor" />
		<part name="flop1" interface="floppy_5_25">
			<feature name="part_id" value="Disc 1: TWIN and ASSEMBLER"/>
			<dataarea name="flop" size="655360">
				<rom name="armevaluationsystem-disc1.adl" size="655360" crc="82fe3687" sha1="494bf65dcf070a198512115fa42456315a86e535"/>
			</dataarea>
		</part>
		<part name="flop2" interface="floppy_5_25">
			<feature name="part_id" value="Disc 2: Utilities 1"/>
			<dataarea name="flop" size="655360">
				<rom name="armevaluationsystem-disc2.adl" size="655360" crc="600e6976" sha1="f6f29281668e9673da7dee9a4fc9dec2b8c40343"/>
			</dataarea>
		</part>
		<part name="flop3" interface="floppy_5_25">
			<feature name="part_id" value="Disc 3: Utilities 2 / BASIC"/>
			<dataarea name="flop" size="655360">
				<rom name="armevaluationsystem-disc3.adl" size="655360" crc="44fa03a3" sha1="f5114ff744f6f742da3959a91a1b98af0bd1db5d"/>
			</dataarea>
		</part>
		<part name="flop4" interface="floppy_5_25">
			<feature name="part_id" value="Disc 4: Cambridge LISP"/>
			<dataarea name="flop" size="655360">
				<rom name="armevaluationsystem-disc4.adl" size="655360" crc="99b8850d" sha1="aba50d169c63088a11e5ef106a86f26dd9e65db3"/>
			</dataarea>
		</part>
		<part name="flop5" interface="floppy_5_25">
			<feature name="part_id" value="Disc 5: PROLOG"/>
			<dataarea name="flop" size="655360">
				<rom name="armevaluationsystem-disc5.adl" size="655360" crc="c4756884" sha1="171f86f0c5591a8ee5388e42db76f81d30ab0484"/>
			</dataarea>
		</part>
		<part name="flop6" interface="floppy_5_25">
			<feature name="part_id" value="Disc 6: FORTRAN 77"/>
			<dataarea name="flop" size="655360">
				<rom name="armevaluationsystem-disc6.adl" size="655360" crc="3545ff34" sha1="88a74bfe6eb864574be41e09a6f338f5895bc980"/>
			</dataarea>
		</part>
	</software>

</softwarelist>
