<?xml version="1.0"?>
<!DOCTYPE softwarelist SYSTEM "softwarelist.dtd">
<!--
license:CC0

    Loading Instructions:

    First load the Disk Operating System software into the Lynx memory. This is done by using the external ROM command:
    XROM [Return]

    The DOS commands are extensions to BASIC - so they are entered by typing ‘EXT ' before the command name. The most
    commonly used commands are:
    EXT FORMAT
    EXT DIR
    EXT SAVE
    EXT LOAD

-->

<softwarelist name="camplynx_flop" description="Camputers Lynx diskettes">

	<!-- Games -->

	<software name="bttlships">
		<description>Battleships</description>
		<year>1983</year>
		<publisher>&lt;unknown&gt;</publisher>
		<info name="usage" value="EXT LOAD &quot;BATTLESHIPS&quot;" />
		<sharedfeat name="compatibility" value="128K"/>
		<part name="flop1" interface="floppy_5_25">
			<dataarea name="flop" size="204800">
				<rom name="BATTLESHIPS_128K.ldf" size="204800" crc="24a45d78" sha1="2f404f1558224bde58d45b608b555f03b3c5b5b2"/>
			</dataarea>
		</part>
	</software>

	<software name="deltawng">
		<description>Delta Wing</description>
		<year>1984</year>
		<publisher>Creative Sparks</publisher>
		<info name="author" value="Tim Titchmarsh" />
		<info name="usage" value="EXT LOAD &quot;DW.L&quot;" />
		<sharedfeat name="compatibility" value="96K"/>
		<part name="flop1" interface="floppy_5_25">
			<dataarea name="flop" size="204800">
				<rom name="DW_96.ldf" size="204800" crc="e05b6fb2" sha1="251938a76385b1bcd650dd36bc8deff4f48483a2"/>
			</dataarea>
		</part>
	</software>

	<software name="gomoku">
		<description>Gomoku</description>
		<year>1983</year>
		<publisher>&lt;unknown&gt;</publisher>
		<info name="author" value="B.Coupe" />
		<info name="usage" value="EXT LOAD &quot;GOMOKU&quot;" />
		<part name="flop1" interface="floppy_5_25">
			<dataarea name="flop" size="204800">
				<rom name="GOMOKU_96K.ldf" size="204800" crc="0f12b5a6" sha1="d9527a4993af39184fcfe030508e254f770e6105"/>
			</dataarea>
		</part>
	</software>

	<software name="hangman">
		<description>Hangman</description>
		<year>1983</year>
		<publisher>Camsoft</publisher>
		<info name="author" value="Steven B.French" />
		<info name="usage" value="EXT LOAD &quot;HANGMAN&quot;" />
		<sharedfeat name="compatibility" value="96K"/>
		<part name="flop1" interface="floppy_5_25">
			<dataarea name="flop" size="204800">
				<rom name="HANGMAN_96.ldf" size="204800" crc="5173734e" sha1="3d9933dfa2f49b7405d9277d3b2ee8ac23c3b302"/>
			</dataarea>
		</part>
	</software>

	<software name="intro128">
		<description>Introductory Tape (128K)</description>
		<year>1983</year>
		<publisher>Camsoft</publisher>
		<info name="usage" value="EXT LOAD &quot;INTRO128&quot;" />
		<sharedfeat name="compatibility" value="128K"/>
		<part name="flop1" interface="floppy_5_25">
			<dataarea name="flop" size="204800">
				<rom name="intro128.ldf" size="204800" crc="5ea7b40c" sha1="d5254105b48eccb7e1b4246abdd02ff02e8a28bf"/>
			</dataarea>
		</part>
	</software>

	<software name="logichess">
		<description>LogiChess 2.2</description>
		<year>1983</year>
		<publisher>Camsoft</publisher>
		<info name="usage" value="EXT MLOAD &quot;LC2.2&quot;" />
		<sharedfeat name="compatibility" value="96K"/>
		<part name="flop1" interface="floppy_5_25">
			<dataarea name="flop" size="204800">
				<rom name="LOGICHESS.ldf" size="204800" crc="5aa9eba3" sha1="a40b96b05184a8af1d50228cdb6982ed56cf0751"/>
			</dataarea>
		</part>
	</software>

	<software name="mnstrmine">
		<description>Monster Mine</description>
		<year>1983</year>
		<publisher>Gem Software</publisher>
		<info name="author" value="W.E.MacGowan" />
		<info name="usage" value="EXT MLOAD &quot;MONSTERMINE&quot;" />
		<sharedfeat name="compatibility" value="96K"/>
		<part name="flop1" interface="floppy_5_25">
			<dataarea name="flop" size="204800">
				<rom name="MONSTERMINE_96.ldf" size="204800" crc="8087bd7e" sha1="a13569e2311e08d85f84f49ffd8024e61beec170"/>
			</dataarea>
		</part>
	</software>

	<software name="roader">
		<description>Roader</description>
		<year>1984</year>
		<publisher>FL Software</publisher>
		<info name="usage" value="EXT MLOAD &quot;ROADER&quot;" />
		<sharedfeat name="compatibility" value="96K"/>
		<part name="flop1" interface="floppy_5_25">
			<dataarea name="flop" size="204800">
				<rom name="ROADER_96.ldf" size="204800" crc="bfb99f3f" sha1="74fea2157ce6689b6385f77b78496fdf37797d76"/>
			</dataarea>
		</part>
	</software>

	<software name="slot">
		<description>Slot Machine</description>
		<year>198?</year>
		<publisher>&lt;unknown&gt;</publisher>
		<info name="usage" value="EXT LOAD &quot;SLOT&quot;" />
		<sharedfeat name="compatibility" value="96K"/>
		<part name="flop1" interface="floppy_5_25">
			<dataarea name="flop" size="204800">
				<rom name="SLOTMACHINE_96.ldf" size="204800" crc="08e6264a" sha1="1c3bd0aa4431964544164936758211699e451205"/>
			</dataarea>
		</part>
	</software>

	<software name="treasisld">
		<description>Treasure Island</description>
		<year>1983</year>
		<publisher>Camsoft</publisher>
		<info name="author" value="Neil Higgins" />
		<info name="usage" value="EXT LOAD &quot;TREASUREISLAND&quot;" />
		<sharedfeat name="compatibility" value="96K"/>
		<part name="flop1" interface="floppy_5_25">
			<dataarea name="flop" size="204800">
				<rom name="TREASURE-ISLAND_96.ldf" size="204800" crc="a9a13b77" sha1="273aa31b244bec18104bd23c92e94d9b3a3a2f99"/>
			</dataarea>
		</part>
	</software>

	<!-- Languages -->

	<software name="forth">
		<description>fig-FORTH 1.1A</description>
		<year>1983</year>
		<publisher>Camsoft</publisher>
		<info name="usage" value="EXT MLOAD &quot;FORTH&quot;" />
		<part name="flop1" interface="floppy_5_25">
			<dataarea name="flop" size="204800">
				<rom name="FORTH.ldf" size="204800" crc="82188b28" sha1="94888b4309c1c68ce8a35bfa192ac27e5cc57a7d"/>
			</dataarea>
		</part>
	</software>

	<!-- Disk Magazines -->

	<software name="lrg1">
		<description>Lynx Revival Group - Volume 1</description>
		<year>1988</year>
		<publisher>Lynx Revival Group</publisher>
		<info name="usage" value="EXT LOAD &quot;MENU&quot;" />
		<info name="author" value="John Koushappas" />
		<part name="flop1" interface="floppy_5_25">
			<dataarea name="flop" size="819200">
				<rom name="Lynx Revival Group - Volume 1 (1988-08-24)(Koushappas, John)(GB).ldf" size="819200" crc="afa4e118" sha1="ca5e74ddd7a66c1812ce946b6376dfa95f424f4c"/>
			</dataarea>
		</part>
	</software>

	<software name="jmutils">
		<description>Lynx JM Utilities Disk v1.0</description>
		<year>1989</year>
		<publisher>Lynx Revival Group</publisher>
		<info name="author" value="John Koushappas" />
		<part name="flop1" interface="floppy_5_25">
			<dataarea name="flop" size="204800">
				<rom name="Lynx JM Utilities Disk v1.0 (1989-11-09)(Koushappas, John)(96K-128K)(GB).ldf" size="204800" crc="5d0e836f" sha1="4f2504228685c51970be9e41f5884e28c1c84935"/>
			</dataarea>
		</part>
	</software>

	<!-- CP/M -->

	<software name="calcstar">
		<description>CalcStar v1.0</description>
		<year>1981</year>
		<publisher>MicroPro</publisher>
		<info name="usage" value="EXT BOOT" />
		<sharedfeat name="compatibility" value="128K"/>
		<part name="flop1" interface="floppy_5_25">
			<dataarea name="flop" size="204800">
				<rom name="CalcStar.ldf" size="204800" crc="c377a29f" sha1="67e1fa310be14a6f2d1fab5ee222957392b8155f"/>
			</dataarea>
		</part>
	</software>

	<software name="cobol">
		<description>Micro-COBOL v2.1</description>
		<year>1983</year>
		<publisher>Camputers</publisher>
		<info name="usage" value="EXT BOOT" />
		<sharedfeat name="compatibility" value="128K"/>
		<part name="flop1" interface="floppy_5_25">
			<dataarea name="flop" size="204800">
				<rom name="COBOL.ldf" size="204800" crc="ae52373b" sha1="517ad01752ebbf5daff336e983c8655974c00889"/>
			</dataarea>
		</part>
	</software>

	<software name="cpm22b10">
		<description>CP/M ver 2.2 BIOS 1.00</description>
		<year>1984</year>
		<publisher>Digital Research</publisher>
		<info name="usage" value="EXT BOOT" />
		<sharedfeat name="compatibility" value="128K"/>
		<part name="flop1" interface="floppy_5_25">
			<dataarea name="flop" size="204800">
				<rom name="CPM v2.2 BIOS 1.00(Digital Research)(128K).ldf" size="204800" crc="3d51fb62" sha1="ac75b3f0dbd3ea942eb22c4b8a25a180127e2d99"/>
			</dataarea>
		</part>
	</software>

	<software name="cpm22b12">
		<description>CP/M ver 2.2 BIOS 1.02</description>
		<year>1984</year>
		<publisher>Digital Research</publisher>
		<info name="usage" value="EXT BOOT" />
		<sharedfeat name="compatibility" value="128K"/>
		<part name="flop1" interface="floppy_5_25">
			<dataarea name="flop" size="204800">
				<rom name="CPM v2.2 BIOS 1.02(Digital Research)(128K).ldf" size="204800" crc="2de23d92" sha1="291a54398bb3293806638d40983964795ad32be8"/>
			</dataarea>
		</part>
	</software>

	<software name="ccomp">
		<description>C/80 Compiler 3.1</description>
		<year>1984</year>
		<publisher>The Software Toolworks</publisher>
		<info name="usage" value="EXT BOOT" />
		<sharedfeat name="compatibility" value="128K"/>
		<part name="flop1" interface="floppy_5_25">
			<dataarea name="flop" size="204800">
				<rom name="C_Compiler.ldf" size="204800" crc="713219b6" sha1="288c290556450f7b7890cf34f45ff87420263c3b"/>
			</dataarea>
		</part>
	</software>

	<software name="datastar">
		<description>DataStar v1.4</description>
		<year>1982</year>
		<publisher>MicroPro</publisher>
		<info name="usage" value="EXT BOOT" />
		<sharedfeat name="compatibility" value="128K"/>
		<part name="flop1" interface="floppy_5_25">
			<dataarea name="flop" size="204800">
				<rom name="DataStar.ldf" size="204800" crc="2f441808" sha1="f0be82174b81b211c88a9e92dae39d671e74d50c"/>
			</dataarea>
		</part>
	</software>

	<software name="dbase2">
		<description>dBASE II</description>
		<year>1982</year>
		<publisher>Ashton-Tate</publisher>
		<info name="usage" value="EXT BOOT" />
		<sharedfeat name="compatibility" value="128K"/>
		<part name="flop1" interface="floppy_5_25">
			<dataarea name="flop" size="204800">
				<rom name="DBASE_II.ldf" size="204800" crc="2c25de17" sha1="fc994d49d18584eac3615c2d668c445714d6b613"/>
			</dataarea>
		</part>
	</software>

	<software name="ebasic">
		<description>BASIC-E Compiler v2.0</description>
		<year>1984</year>
		<publisher>Camputers</publisher>
		<info name="usage" value="EXT BOOT" />
		<sharedfeat name="compatibility" value="128K"/>
		<part name="flop1" interface="floppy_5_25">
			<dataarea name="flop" size="204800">
				<rom name="E-Basic.ldf" size="204800" crc="c7967923" sha1="ca6cd9761a317f0257dcd30e883029e10d3d8038"/>
			</dataarea>
		</part>
	</software>

	<software name="fortran">
		<description>FORTRAN-80</description>
		<year>1980</year>
		<publisher>Camputers</publisher>
		<info name="usage" value="EXT BOOT" />
		<sharedfeat name="compatibility" value="128K"/>
		<part name="flop1" interface="floppy_5_25">
			<dataarea name="flop" size="204800">
				<rom name="FORTRAN.ldf" size="204800" crc="d3f002da" sha1="da6e4cd1e22ad9c5066cc893d08784ed44779dfb"/>
			</dataarea>
		</part>
	</software>

	<software name="mbasic">
		<description>BASIC-80 Rev.5.2</description>
		<year>1980</year>
		<publisher>Microsoft</publisher>
		<info name="usage" value="EXT BOOT" />
		<sharedfeat name="compatibility" value="128K"/>
		<part name="flop1" interface="floppy_5_25">
			<dataarea name="flop" size="204800">
				<rom name="M-Basic.ldf" size="204800" crc="4f828c7e" sha1="2b14686bd1b289d1286718a1c3509d477ab81ab5"/>
			</dataarea>
		</part>
	</software>

	<software name="peachcalc">
		<description>PeachCalc v1.01</description>
		<year>1982</year>
		<publisher>Peachtree Software</publisher>
		<info name="usage" value="EXT BOOT" />
		<sharedfeat name="compatibility" value="128K"/>
		<part name="flop1" interface="floppy_5_25">
			<dataarea name="flop" size="204800">
				<rom name="PeachCalc.ldf" size="204800" crc="518fb821" sha1="75b9301c9434dd3f126f2d4a78e6f0d0707acc02"/>
			</dataarea>
		</part>
	</software>

	<software name="rptstar">
		<description>ReportStar v1.00</description>
		<year>1982</year>
		<publisher>MicroPro</publisher>
		<info name="usage" value="EXT BOOT" />
		<sharedfeat name="compatibility" value="128K"/>
		<part name="flop1" interface="floppy_5_25">
			<dataarea name="flop" size="204800">
				<rom name="ReportStar.ldf" size="204800" crc="8d434038" sha1="de2f4b59e8e9086bc71fa6fdb13e2bd741b3d53a"/>
			</dataarea>
		</part>
	</software>

	<software name="tpascal">
		<description>TURBO Pascal v2.00A</description>
		<year>1984</year>
		<publisher>Borland</publisher>
		<info name="usage" value="EXT BOOT" />
		<sharedfeat name="compatibility" value="128K"/>
		<part name="flop1" interface="floppy_5_25">
			<dataarea name="flop" size="204800">
				<rom name="TURBO_PASCAL.ldf" size="204800" crc="ffac51fe" sha1="4312b6f2e0665a00746fc60eb53b98c828f0d8ba"/>
			</dataarea>
		</part>
	</software>

	<software name="wordmstr">
		<description>WordMaster v1.20</description>
		<year>1982</year>
		<publisher>MicroPro</publisher>
		<info name="usage" value="EXT BOOT" />
		<sharedfeat name="compatibility" value="128K"/>
		<part name="flop1" interface="floppy_5_25">
			<dataarea name="flop" size="204800">
				<rom name="WordMaster.ldf" size="204800" crc="5fa87e3b" sha1="6503e9844ab751f0ba1b67b2485945caec057f43"/>
			</dataarea>
		</part>
	</software>

	<software name="wordstar">
		<description>WordStar v3.00</description>
		<year>1981</year>
		<publisher>MicroPro</publisher>
		<info name="usage" value="EXT BOOT" />
		<sharedfeat name="compatibility" value="128K"/>
		<part name="flop1" interface="floppy_5_25">
			<dataarea name="flop" size="204800">
				<rom name="WordStar.ldf" size="204800" crc="32485264" sha1="430188f77229f4faac88283a63431488dda29c10"/>
			</dataarea>
		</part>
	</software>

</softwarelist>
