<?xml version="1.0"?>
<!DOCTYPE softwarelist SYSTEM "softwarelist.dtd">
<!--
license:CC0
-->
<softwarelist name="cbm8296_flop" description="Commodore 8296 diskettes">

	<software name="system">
		<description>Commodore 8296-D System Disk</description>
		<year>1984</year>
		<publisher>Commodore</publisher>

		<part name="flop1" interface="floppy_5_25">
			<dataarea name="flop" size="1066496">
				<rom name="8296d-systemdisk.d82" size="1066496" crc="1dbb2376" sha1="b0201074aaa7b9e5984f02e78088a127d6b8e78d" status="baddump" />
			</dataarea>
		</part>
	</software>

	<software name="execdesk">
		<description>ExecuDesk</description>
		<year>1984</year>
		<publisher>Commodore</publisher>

		<part name="flop1" interface="floppy_5_25">
			<dataarea name="flop" size="174848">
				<rom name="execudesk1.d64" size="174848" crc="1aa9a9aa" sha1="9445cc89d08215d173e84841d3b01ed327d8347c" status="baddump" />
			</dataarea>
		</part>

		<part name="flop2" interface="floppy_5_25">
			<dataarea name="flop" size="174848">
				<rom name="execudesk2.d64" size="174848" crc="9553ea18" sha1="01ed09de6635522ca69e7d2784c81d3a06cee1c3" status="baddump" />
			</dataarea>
		</part>
	</software>

</softwarelist>
