<?xml version="1.0"?>
<!DOCTYPE softwarelist SYSTEM "softwarelist.dtd">
<!--
license:CC0-1.0

Skeleton generated by SLIST 0.2.1 by R. Belmont
-->

<softwarelist name="cecflop" description="China Education Computer 5.25 inch floppies">
	<software name="biochar">  <!-- Biological Clock Curves and Personality Counseling -->
		<description>Shēngwùzhōng Qūxiàn Jí Xìnggé Zīxún</description>
		<year>19??</year>
		<publisher>&lt;unknown&gt;</publisher>
		<info name="alt_title" value="生物钟曲线及性格咨询"/>

		<part name="flop1" interface="floppy_5_25">
			<dataarea name="flop" size="143360">
				<rom name="biochar.dsk" size="143360" crc="79e9db10" sha1="df9012c81fab0b44a62ddc89cd16a4ad58d67e84" offset="0x0000" />
			</dataarea>
		</part>
	</software>

	<software name="cecdos">  <!-- Chinese Machine System Hard Disk CEC-DOS -->
		<description>Zhōnghuájī Xìtǒngpán CEC-DOS</description>
		<year>1990</year>
		<publisher>Shaanxi Province Computer Factory</publisher>
		<info name="alt_title" value="中华机系统盘cec-dos"/>

		<part name="flop1" interface="floppy_5_25">
			<dataarea name="flop" size="163840">
				<rom name="cec-dos.dsk" size="163840" crc="be526468" sha1="68b3ef61f56ae4876ba3577c35ed79be463944f2" offset="0x0000" />
			</dataarea>
		</part>
	</software>

	<software name="compcons">  <!-- Computer Consulting Services -->
		<description>Jìsuànjī Zīxún Fúwù</description>
		<year>19??</year>
		<publisher>&lt;unknown&gt;</publisher>
		<info name="alt_title" value="计算机咨询服务"/>

		<part name="flop1" interface="floppy_5_25">
			<dataarea name="flop" size="143360">
				<rom name="compcons.dsk" size="143360" crc="a04e8bfa" sha1="9562f4a96984a7e1bc1dad28c03c0f00ac0fa5ad" offset="0x0000" />
			</dataarea>
		</part>
	</software>

	<software name="compfor">  <!-- Computer Fortune Telling -->
		<description>Diànnǎo Suànmìng</description>
		<year>19??</year>
		<publisher>&lt;unknown&gt;</publisher>
		<info name="alt_title" value="电脑算命"/>

		<part name="flop1" interface="floppy_5_25">
			<dataarea name="flop" size="143360">
				<rom name="compfor.dsk" size="143360" crc="f27450a6" sha1="caafef323b523b59915eadb4b6dfe5eec25d290b" offset="0x0000" />
			</dataarea>
		</part>
	</software>

	<software name="dos33">
		<description>Apple DOS 3.3 System Master</description>
		<year>1980</year>
		<publisher>Apple Computer, Inc.</publisher>

		<part name="flop1" interface="floppy_5_25">
			<dataarea name="flop" size="143360">
				<rom name="dos33.dsk" size="143360" crc="10076aa3" sha1="3d560add5d9879f2c811bbd915afe85f51b5d67a" offset="0x0000" />
			</dataarea>
		</part>
	</software>

	<software name="eccad">  <!-- Electronic Circuit Computer Aided Design -->
		<description>Diànzǐ Xiànlù Jìsuànjī Fǔzhù Shèjì</description>
		<year>19??</year>
		<publisher>&lt;unknown&gt;</publisher>
		<info name="alt_title" value="电子线路计算机辅助设计"/>

		<part name="flop1" interface="floppy_5_25">
			<dataarea name="flop" size="143360">
				<rom name="eccad1.dsk" size="143360" crc="24db8230" sha1="8700b1b48f39f52533b402bb874693df4ba9251c" offset="0x0000" />
			</dataarea>
		</part>
		<part name="flop2" interface="floppy_5_25">
			<dataarea name="flop" size="163840">
				<rom name="eccad2.dsk" size="163840" crc="b89c94ef" sha1="65aa936046d75bd213bb292f9aadc269c1c03cfb" offset="0x0000" />
			</dataarea>
		</part>
	</software>

	<software name="equityadv">  <!-- Equity Investment Advisory System -->
		<description>Gǔpiào Zīxún Xìtǒng</description>
		<year>1994</year>
		<publisher>&lt;unknown&gt;</publisher>
		<info name="alt_title" value="股票咨询系统"/>

		<part name="flop1" interface="floppy_5_25">
			<dataarea name="flop" size="163840">
				<rom name="equityadv.dsk" size="163840" crc="f27fbb19" sha1="22bb84cef1424689a8dfcfa796fa9b1b5b2c117c" offset="0x0000" />
			</dataarea>
		</part>
	</software>

	<software name="flyingaxe">  <!-- Flying Axe Child Prodigy (bootleg of Conan) -->
		<description>Fēifǔ Shéntóng</description>
		<year>1984</year>
		<publisher>Datasoft</publisher>
		<info name="alt_title" value="飞斧神童"/>

		<part name="flop1" interface="floppy_5_25">
			<dataarea name="flop" size="163840">
				<rom name="flyingaxe1.dsk" size="163840" crc="2357fbda" sha1="a22cfd64b9fb4493d14ef1ad218ab57de9a3d6ca" offset="0x0000" />
			</dataarea>
		</part>
		<part name="flop2" interface="floppy_5_25">
			<dataarea name="flop" size="163840">
				<rom name="flyingaxe2.dsk" size="163840" crc="50d602b6" sha1="674ce713832527b4c507c6615ba4c1481f5e17e7" offset="0x0000" />
			</dataarea>
		</part>
	</software>

	<software name="jackiechan">  <!-- Jackie Chan (Kung Fu Master, Digital Gang crack) -->
		<description>Chénglóng</description>
		<year>1985</year>
		<publisher>Data East</publisher>
		<info name="alt_title" value="成龙"/>

		<part name="flop1" interface="floppy_5_25">
			<dataarea name="flop" size="143360">
				<rom name="jackiechan.dsk" size="143360" crc="917be3a7" sha1="ab1422a6515a8e5af09a31485965e8180cca0aa9" offset="0x0000" />
			</dataarea>
		</part>
	</software>

	<software name="learn6502">  <!-- Learn 6502 Assembly With Me -->
		<description>Gēn Wǒ Xué 6502 Huìbiān</description>
		<year>1987</year>
		<publisher>&lt;unknown&gt;</publisher>
		<info name="alt_title" value="跟我学6502汇编"/>

		<part name="flop1" interface="floppy_5_25">
			<dataarea name="flop" size="143360">
				<rom name="learn6502.dsk" size="143360" crc="8125accc" sha1="4c64f15ea8e22f9ace9322e7461464d04f243643" offset="0x0000" />
			</dataarea>
		</part>
	</software>

	<software name="musicbbrd">  <!-- Music Blackboard -->
		<description>Yīnyuè Hēibǎn</description>
		<year>1987</year>
		<publisher>Chen Wei hai</publisher>
		<info name="alt_title" value="音乐黑板"/>

		<part name="flop1" interface="floppy_5_25">
			<dataarea name="flop" size="143360">
				<rom name="musicbbrd.dsk" size="143360" crc="03819779" sha1="cf18f0176baab2103608b5d469e9190192868bc4" offset="0x0000" />
			</dataarea>
		</part>
	</software>

	<software name="primlang">  <!-- Primary School Language and Writing -->
		<description>Xiǎoxué Yǔwén</description>
		<year>1989</year>
		<publisher>&lt;unknown&gt;</publisher>
		<info name="alt_title" value="小学语文"/>

		<part name="flop1" interface="floppy_5_25">
			<dataarea name="flop" size="143360">
				<rom name="primlang1.dsk" size="143360" crc="ab9d41a4" sha1="9aef8d2f24662ac3ab7eabdaf08a76c5ac75c042" offset="0x0000" />
			</dataarea>
		</part>
		<part name="flop2" interface="floppy_5_25">
			<dataarea name="flop" size="143360">
				<rom name="primlang2.dsk" size="143360" crc="075000c2" sha1="e7ea59b533a5f94ca76a5d38189a98152cdf3f86" offset="0x0000" />
			</dataarea>
		</part>
	</software>

	<software name="printcart">  <!-- Print Cartridges for Chinese Machine -->
		<description>Zhōnghuájī Dǎyìn Hé</description>
		<year>1993</year>
		<publisher>&lt;unknown&gt;</publisher>
		<info name="alt_title" value="中华机打印盒"/>

		<part name="flop1" interface="floppy_5_25">
			<dataarea name="flop" size="143360">
				<rom name="printcart.dsk" size="143360" crc="7cd9d913" sha1="49fea58db83823e71a4c973b93a7cff2ce689004" offset="0x0000" />
			</dataarea>
		</part>
	</software>


	<software name="schtxted">  <!-- CEC Super Wordstar v2.1 -->
		<description>Chāojí Hànzì Wénzhāng Biānjí</description>
		<year>1990</year>
		<publisher>&lt;unknown&gt;</publisher>
		<info name="alt_title" value="超级汉字文章编辑"/>

		<part name="flop1" interface="floppy_5_25">
			<dataarea name="flop" size="163840">
				<rom name="schtxted.dsk" size="163840" crc="1e002a4e" sha1="486490c757d2988908af3234c0d44ae51559a5d5" offset="0x0000" />
			</dataarea>
		</part>
	</software>

	<software name="sherlock">  <!-- Sherlock Holmes (clean crack of Bantam Software game) -->
		<description>Fú'ěrmósī</description>
		<year>1985</year>
		<publisher>Bantam Software</publisher>
		<info name="alt_title" value="福尔摩斯"/>

		<part name="flop1" interface="floppy_5_25">
			<dataarea name="flop" size="163840">
				<rom name="sherlock1.dsk" size="163840" crc="c1465d42" sha1="5ba880b980ab4ba14de1156d7c2e8be71607dbbf" offset="0x0000" />
			</dataarea>
		</part>
		<part name="flop2" interface="floppy_5_25">
			<dataarea name="flop" size="163840">
				<rom name="sherlock2.dsk" size="163840" crc="4ea71e51" sha1="675d3103bcd9711a19d2a27851ea11751feb08ad" offset="0x0000" />
			</dataarea>
		</part>
	</software>

	<software name="softcat">  <!-- Software Catalog Publication Tool v2.2 -->
		<description>Ruǎnjiàn Mùlù Biānyìn Gōngjù V2.2</description>
		<year>19??</year>
		<publisher>&lt;unknown&gt;</publisher>
		<info name="alt_title" value="软件目录编印工具V2.2"/>

		<part name="flop1" interface="floppy_5_25">
			<dataarea name="flop" size="143360">
				<rom name="softcat.dsk" size="143360" crc="79cbe0a6" sha1="658c2bb46b64d009ee9608fd069c1cb4a85de358" offset="0x0000" />
			</dataarea>
		</part>
	</software>

	<software name="udbms">  <!-- Universal Database Management System -->
		<description>Tōngyòng Shùjùkù Guǎnlǐ Xìtǒng</description>
		<year>1989</year>
		<publisher>&lt;unknown&gt;</publisher>
		<info name="alt_title" value="通用数据库管理系统"/>

		<part name="flop1" interface="floppy_5_25">
			<dataarea name="flop" size="143360">
				<rom name="udbms.dsk" size="143360" crc="c0482dd6" sha1="5333ed760918551ad25bb0b2bf8b19a5f0c2d30d" offset="0x0000" />
			</dataarea>
		</part>
	</software>

</softwarelist>
