<?xml version="1.0"?>
<!DOCTYPE softwarelist SYSTEM "softwarelist.dtd">
<!--
license:CC0
-->

<softwarelist name="database" description="Voltmace Database cartridges">

	<software name="airsea">
		<description>Air-Sea Attack</description>
		<year>19??</year>
		<publisher>Voltmace?</publisher>
		<info name="serial" value="No.1"/>
		<part name="cart" interface="vc4000_cart">
			<feature name="slot" value="std" />
			<dataarea name="rom" size="2048">
				<rom name="airsea.bin" size="2048" crc="cb28b9fe" sha1="0b7eda063da93c03ab2c133c75d3d7fe5ad2b243"/>
			</dataarea>
		</part>
	</software>

	<!-- Same as VC4000 Cassette 2 -->
	<software name="blckjack">
		<description>Blackjack</description>
		<year>19??</year>
		<publisher>Voltmace?</publisher>
		<info name="serial" value="No.2"/>
		<part name="cart" interface="vc4000_cart">
			<feature name="slot" value="std" />
			<dataarea name="rom" size="2048">
				<rom name="blckjack.bin" size="2048" crc="ec2a91b3" sha1="ba4553d116cffa74a71ef10fbffa4c28c779c836"/>
			</dataarea>
		</part>
	</software>

	<!-- Same as VC4000 Cassette 3 -->
	<software name="batball">
		<description>Bat &amp; Ball</description>
		<year>19??</year>
		<publisher>Voltmace?</publisher>
		<info name="serial" value="No.3"/>
		<part name="cart" interface="vc4000_cart">
			<feature name="slot" value="std" />
			<dataarea name="rom" size="2048">
				<rom name="paddleg.bin" size="2048" crc="682b876a" sha1="ecc0146c40daa79a13934b8884bc8fd0f96461c1"/>
			</dataarea>
		</part>
	</software>

	<software name="roadrace">
		<description>Road Race</description>
		<year>19??</year>
		<publisher>Voltmace?</publisher>
		<info name="serial" value="No.4"/>
		<part name="cart" interface="vc4000_cart">
			<feature name="slot" value="std" />
			<dataarea name="rom" size="2048">
				<rom name="roadrace.bin" size="2048" crc="2c770dc3" sha1="dec79fb5203a8bce9553437bb96953ca2cf64f68"/>
			</dataarea>
		</part>
	</software>

	<software name="tankplan">
		<description>Tank &amp; Plane</description>
		<year>19??</year>
		<publisher>Voltmace?</publisher>
		<info name="serial" value="No.5"/>
		<part name="cart" interface="vc4000_cart">
			<feature name="slot" value="std" />
			<dataarea name="rom" size="2048">
				<rom name="tankplan.bin" size="2048" crc="5e8ee224" sha1="a4be10fc8ca7d8d8254988dc916cca6c65d79d35"/>
			</dataarea>
		</part>
	</software>

	<!-- Same as VC4000 Cassette 6 -->
	<software name="mathema2">
		<description>Mathematics II</description>
		<year>19??</year>
		<publisher>Voltmace?</publisher>
		<info name="serial" value="No.7"/>
		<part name="cart" interface="vc4000_cart">
			<feature name="slot" value="std" />
			<dataarea name="rom" size="2048">
				<rom name="mathema2.bin" size="2048" crc="66c5975e" sha1="efa4a5ebe540efdedec226c0af238c2652ad5b5a"/>
			</dataarea>
		</part>
	</software>

	<software name="shootgal">
		<description>Shooting Gallery</description>
		<year>19??</year>
		<publisher>Voltmace?</publisher>
		<info name="serial" value="No.8"/>
		<part name="cart" interface="vc4000_cart">
			<feature name="slot" value="std" />
			<dataarea name="rom" size="2048">
				<rom name="shootgal.bin" size="2048" crc="9c8e7de6" sha1="9716f93e492610516a57b7ea4cd4c0f0336a4cd7"/>
			</dataarea>
		</part>
	</software>

	<!-- Same as VC4000 Cassette 16 -->
	<software name="braindrn">
		<description>Brain Drain</description>
		<year>19??</year>
		<publisher>Voltmace?</publisher>
		<info name="serial" value="No.9"/>
		<part name="cart" interface="vc4000_cart">
			<feature name="slot" value="std" />
			<dataarea name="rom" size="2048">
				<rom name="intel3.bin" size="2048" crc="52b8c6e7" sha1="b83fd9679912b0888df38f708dbea80dfe3b8193"/>
			</dataarea>
		</part>
	</software>

	<software name="maze">
		<description>Maze</description>
		<year>19??</year>
		<publisher>Voltmace?</publisher>
		<info name="serial" value="No.10"/>
		<part name="cart" interface="vc4000_cart">
			<feature name="slot" value="std" />
			<dataarea name="rom" size="2048">
				<rom name="maze.bin" size="2048" crc="683e02e1" sha1="bce01aa50ab23edd84ada7adbcfa0d624206d332"/>
			</dataarea>
		</part>
	</software>

	<software name="horserac">
		<description>Horse Racing</description>
		<year>19??</year>
		<publisher>Voltmace?</publisher>
		<info name="serial" value="No.11"/>
		<part name="cart" interface="vc4000_cart">
			<feature name="slot" value="std" />
			<dataarea name="rom" size="2048">
				<rom name="horserac.bin" size="2048" crc="3da31bc5" sha1="f20d93a58393ba70f1404afc7f19537a84fddaca"/>
			</dataarea>
		</part>
	</software>

	<software name="circus">
		<description>Circus</description>
		<year>19??</year>
		<publisher>Voltmace?</publisher>
		<info name="serial" value="No.12"/>
		<part name="cart" interface="vc4000_cart">
			<feature name="slot" value="std" />
			<dataarea name="rom" size="2048">
				<rom name="circus.bin" size="2048" crc="0ab80f3e" sha1="cff0b7066669aad1e35803767fd98ecef4ea162d"/>
			</dataarea>
		</part>
	</software>

	<!-- Same as VC4000 Cassette 18 -->
	<software name="boxing" supported="no">
		<description>Boxing</description>
		<year>19??</year>
		<publisher>Voltmace?</publisher>
		<info name="serial" value="No.13"/>
		<part name="cart" interface="vc4000_cart">
			<feature name="slot" value="rom4k" />
			<dataarea name="rom" size="4096">
				<rom name="boxing.bin" size="4096" crc="922c9f0d" sha1="b49a37dd6d0272f6c71d778ffada6bc7c90f8348"/>
			</dataarea>
		</part>
	</software>

	<software name="4inarow">
		<description>Four in a Row</description>
		<year>19??</year>
		<publisher>Voltmace?</publisher>
		<info name="serial" value="No.14"/>
		<part name="cart" interface="vc4000_cart">
			<feature name="slot" value="std" />
			<dataarea name="rom" size="2048">
				<rom name="4inarow.bin" size="2048" crc="a0f5320a" sha1="ce1ab1ad5e085a3237e0de645fa3238d7702d578"/>
			</dataarea>
		</part>
	</software>

	<!-- Same as VC4000 Cassette 23 -->
	<software name="pinball">
		<description>Flipper / Pinball</description>
		<year>19??</year>
		<publisher>Voltmace?</publisher>
		<info name="serial" value="No.20"/>
		<part name="cart" interface="vc4000_cart">
			<feature name="slot" value="std" />
			<dataarea name="rom" size="2048">
				<rom name="pinball.bin" size="2048" crc="add99c6e" sha1="85b904e5bc37e5a44c88c000307401438285910a"/>
			</dataarea>
		</part>
	</software>

	<!-- Same as VC4000 Cassette 20 -->
	<software name="musicmem">
		<description>Musical Memory</description>
		<year>19??</year>
		<publisher>Voltmace?</publisher>
		<info name="serial" value="No.21"/>
		<part name="cart" interface="vc4000_cart">
			<feature name="slot" value="std" />
			<dataarea name="rom" size="2048">
				<rom name="musicalmemory.bin" size="2048" crc="d68da80a" sha1="4cf0f74b4a0d3305c9ffa830c067a054fab25419"/>
			</dataarea>
		</part>
	</software>

	<!-- Same as VC4000 Cassette 26 -->
	<software name="draughts">
		<description>Dame / Draughts / Dames</description>
		<year>19??</year>
		<publisher>Voltmace?</publisher>
		<info name="serial" value="No.22"/>
		<part name="cart" interface="vc4000_cart">
			<!-- to verify... -->
			<feature name="slot" value="ram1k" />
			<dataarea name="rom" size="4096">
				<rom name="draughts.bin" size="4096" crc="7b868473" sha1="2557172b07c0ebaffe18a345cfa88ef24febecb0"/>
			</dataarea>
			<dataarea name="ram" size="1024">
			</dataarea>
		</part>
	</software>

	<software name="munchcrn" supported="no">
		<description>Munch &amp; Crunch</description>
		<year>19??</year>
		<publisher>Voltmace?</publisher>
		<info name="serial" value="No.24"/>
		<part name="cart" interface="vc4000_cart">
			<feature name="slot" value="rom4k" />
			<dataarea name="rom" size="4096">
				<rom name="munchcrn.bin" size="4096" crc="704a1593" sha1="5f0b95904d6d36368727c1e0c91d94627a7471d6"/>
			</dataarea>
		</part>
	</software>

	<software name="ccrab">
		<description>Crazy Crab</description>
		<year>19??</year>
		<publisher>Voltmace?</publisher>
		<info name="serial" value="No.29"/>
		<part name="cart" interface="vc4000_cart">
			<!-- to verify... -->
			<feature name="slot" value="ram1k" />
			<dataarea name="rom" size="4096">
				<rom name="d2732c.bin" size="4096" crc="8f3f2e9c" sha1="16b8b896f0f6495b12ae6eb12f452d4817a87f98"/>
			</dataarea>
			<dataarea name="ram" size="1024">
			</dataarea>
		</part>
	</software>

	<software name="leapfrog" supported ="no"> <!-- major video timing glitches -->
		<description>Leapfrog</description>
		<year>1982</year>
		<publisher>Voltmace</publisher>
		<part name="cart" interface="vc4000_cart">
			<feature name="slot" value="rom4k" />
			<dataarea name="rom" size="4096">
				<rom name="leapfrog.bin" size="4096" crc="105eb530" sha1="7211b0b1c6e8798399f4f6d2a942db4e8379c691"/>
			</dataarea>
		</part>
	</software>

</softwarelist>
