<?xml version="1.0"?>
<!DOCTYPE softwarelist SYSTEM "softwarelist.dtd">
<!--
license:CC0-1.0
-->

<softwarelist name="dgnalpha_flop" description="Dragon Alpha (Professional) diskettes">

	<software name="ddosboot">
		<description>DragonDOS 1.0 Boot</description>
		<year>2004</year>
		<publisher>Phill Harvey-Smith</publisher>
		<part name="flop1" interface="floppy_3_5">
			<dataarea name="flop" size="368652">
				<rom name="Dragon Alpha(Professional) Dragon DOS 1.0 Boot (2004)(Phill Harvey Smith).vdk" size="368652" crc="ebbcf3b9" sha1="35a7a6381fdb516ac0dbf05ada1d9f1fce3d1ac0"/>
			</dataarea>
		</part>
	</software>

	<software name="ddos2boot">
		<description>DragonDOS 2.F Boot</description>
		<year>198?</year>
		<publisher>Dragon Data</publisher>
		<part name="flop1" interface="floppy_3_5">
			<dataarea name="flop" size="368652">
				<rom name="Dragon Alpha(Professional) Dragon DOS 2.F Boot (198x)(Dragon Data Ltd).vdk" size="368652" crc="ee4ffe2c" sha1="ff8d00a80d03452589e0db47944a121c9bd62332"/>
			</dataarea>
		</part>
	</software>

	<software name="nos9l1v325">
		<description>NitrOS-9/6809 Level 1 v3.2.5</description>
		<year>2004</year>
		<publisher>Phill Harvey-Smith</publisher>
		<part name="flop1" interface="floppy_3_5">
			<dataarea name="flop" size="368652">
				<rom name="Dragon Alpha(Professional) NitrOS9-6809-Level1-v030205-SS80 (2004)(Phill Harvey Smith).vdk" size="368652" crc="a417d3e2" sha1="823f72a98bd20128c84e20d47df9e0f205cd1fb8"/>
			</dataarea>
		</part>
	</software>

	<software name="nos9l1v325_51" cloneof="nos9l1v325">
		<description>NitrOS-9/6809 Level 1 v3.2.5 (51 Column)</description>
		<year>2004</year>
		<publisher>Phill Harvey-Smith</publisher>
		<part name="flop1" interface="floppy_3_5">
			<dataarea name="flop" size="368652">
				<rom name="Dragon Alpha(Professional) NitrOS9-6809-Level1-v030205-SS80-51 Column (2004)(Phill Harvey Smith).vdk" size="368652" crc="482048d2" sha1="beab9134a0ca4b1412a484f7c5caa7b62677a405"/>
			</dataarea>
		</part>
	</software>

	<software name="ccompiler">
		<description>OS-9 C Compiler</description>
		<year>198?</year>
		<publisher>Dragon Data</publisher>
		<part name="flop1" interface="floppy_3_5">
			<dataarea name="flop" size="368673">
				<rom name="Dragon Alpha(Professional) OS-9 C Compiler (198x)(Dragon Data Ltd)[OS-9].vdk" size="368673" crc="4c48a38f" sha1="8a2b58765cd7c8ec8725f90bef770d0e720ff3c2"/>
			</dataarea>
		</part>
	</software>

	<software name="dynacalc">
		<description>OS-9 Dynacalc</description>
		<year>198?</year>
		<publisher>Dragon Data</publisher>
		<part name="flop1" interface="floppy_3_5">
			<dataarea name="flop" size="368671">
				<rom name="Dragon Alpha(Professional) OS-9 Dynacalc (198x)(Dragon Data Ltd)[OS-9].vdk" size="368671" crc="dee40ac8" sha1="4835bc3a7bd42a34e0f8f24337dcf1f948c75c58"/>
			</dataarea>
		</part>
	</software>

	<software name="textedasm">
		<description>OS-9 Macro Text Editor/OS9 Assembler/Debugger</description>
		<year>198?</year>
		<publisher>Dragon Data</publisher>
		<part name="flop1" interface="floppy_3_5">
			<dataarea name="flop" size="368678">
				<rom name="Dragon Alpha(Professional) OS-9 Editor Assembler (198x)(Dragon Data Ltd)[OS-9].vdk" size="368678" crc="3c46119f" sha1="98d76fb1ba97877adba0caadbb090c42328814e8"/>
			</dataarea>
		</part>
	</software>

	<software name="os9l1v12">
		<description>OS-9 Level 1 v1.2 System Disk (Release 8)</description>
		<year>198?</year>
		<publisher>Dragon Data</publisher>
		<part name="flop1" interface="floppy_3_5">
			<dataarea name="flop" size="368665">
				<rom name="Dragon Alpha(Professional) OS-9 Level 1 v1.2 System Disk (Release 8) (198x)(Dragon Data Ltd)[OS-9].vdk" size="368665" crc="f46822c5" sha1="1799f7abf172cc03ef3d22bd953b576addb37337"/>
			</dataarea>
		</part>
	</software>

	<software name="pascal">
		<description>OS-9 Pascal Compiler</description>
		<year>198?</year>
		<publisher>Dragon Data</publisher>
		<part name="flop1" interface="floppy_3_5">
			<dataarea name="flop" size="368677">
				<rom name="Dragon Alpha(Professional) OS-9 Pascal Compiler (198x)(Dragon Data Ltd)[OS-9].vdk" size="368677" crc="1dc5f947" sha1="b7b239c503338e4724e48ca6c7f3a6de60e8130d"/>
			</dataarea>
		</part>
	</software>

	<software name="rms">
		<description>OS-9 RMS</description>
		<year>198?</year>
		<publisher>Dragon Data</publisher>
		<part name="flop1" interface="floppy_3_5">
			<dataarea name="flop" size="368681">
				<rom name="Dragon Alpha(Professional) OS-9 RMS (198x)(Dragon Data Ltd)[OS-9].vdk" size="368681" crc="61f9d523" sha1="aec0fed0a1eda2e14bbdcf44c6fb800c4ae35d92"/>
			</dataarea>
		</part>
	</software>

	<software name="sound">
		<description>OS-9 Sound Demo</description>
		<year>198?</year>
		<publisher>Dragon Data</publisher>
		<part name="flop1" interface="floppy_3_5">
			<dataarea name="flop" size="368673">
				<rom name="Dragon Alpha(Professional) OS-9 Sound demo (198x)(Dragon Data Ltd)[OS-9].vdk" size="368673" crc="b0b8f6a3" sha1="cb79c232d92e8bc3c9253b992dd159970200abe5"/>
			</dataarea>
		</part>
	</software>

	<software name="sourcerer">
		<description>OS-9 Sourcerer</description>
		<year>198?</year>
		<publisher>Dragon Data</publisher>
		<part name="flop1" interface="floppy_3_5">
			<dataarea name="flop" size="368674">
				<rom name="Dragon Alpha(Professional) OS-9 Sourcerer (198x)(Dragon Data Ltd)[OS-9].vdk" size="368674" crc="0352b280" sha1="98a7463f9be24753f7e665d455e87788c994839c"/>
			</dataarea>
		</part>
	</software>

	<software name="stylograph">
		<description>OS-9 Stylograph</description>
		<year>198?</year>
		<publisher>Dragon Data</publisher>
		<part name="flop1" interface="floppy_3_5">
			<dataarea name="flop" size="368673">
				<rom name="Dragon Alpha(Professional) OS-9 Stylograph (198x)(Dragon Data Ltd)[OS-9}.vdk" size="368673" crc="b20e4df5" sha1="6ab24c435208300497c2367fb2dfaea3b97617c5"/>
			</dataarea>
		</part>
	</software>

	<software name="sdose6boot">
		<description>SuperDOS E6 Boot</description>
		<year>2004</year>
		<publisher>Phill Harvey-Smith</publisher>
		<part name="flop1" interface="floppy_3_5">
			<dataarea name="flop" size="368652">
				<rom name="Dragon Alpha(Professional) Super DOS E6 Boot (2004)(Phill Harvey Smith).vdk" size="368652" crc="118e6529" sha1="f9265036feded52ea868b97cc98668d7ed4b79a9"/>
			</dataarea>
		</part>
	</software>

	<software name="viewdata">
		<description>Viewdata Demo</description>
		<year>1984</year>
		<publisher>Telepost Systems</publisher>
		<part name="flop1" interface="floppy_3_5">
			<dataarea name="flop" size="368666">
				<rom name="Dragon Alpha(Professional) Viewdata Demo (198x)(TelePost Systems Ltd)[OS-9].vdk" size="368666" crc="05344cf3" sha1="2044886a7c6c4985927dd0710a63bad3f34dd14e"/>
			</dataarea>
		</part>
	</software>

</softwarelist>
