<?xml version="1.0"?>
<!DOCTYPE softwarelist SYSTEM "softwarelist.dtd">
<!--
license:CC0-1.0
-->

<softwarelist name="electron_rom" description="Acorn Electron ROMs">

	<software name="addcomm100" cloneof="addcomm">
		<description>Addcomm v1.00</description>
		<year>1985</year>
		<publisher>Vine Micros</publisher>
		<part name="rom" interface="electron_rom">
			<dataarea name="rom" size="8192">
				<rom name="Addcomm-1.00.rom" size="8192" crc="10324741" sha1="e8d5007b5c0b03dba1f756f3f15c72e30ea39cd7"/>
			</dataarea>
		</part>
	</software>

	<software name="addcomm110" cloneof="addcomm">
		<description>Addcomm v1.10</description>
		<year>1985</year>
		<publisher>Vine Micros</publisher>
		<part name="rom" interface="electron_rom">
			<dataarea name="rom" size="8192">
				<rom name="Addcomm-1.10.rom" size="8192" crc="69ff0fdf" sha1="2f7c69aa532a76e6e7da150b2ad7dd0c588e1979"/>
			</dataarea>
		</part>
	</software>

	<software name="addcomm120" cloneof="addcomm">
		<description>Addcomm v1.20</description>
		<year>1985</year>
		<publisher>Vine Micros</publisher>
		<part name="rom" interface="electron_rom">
			<dataarea name="rom" size="8192">
				<rom name="Addcomm-1.20.rom" size="8192" crc="57567fa9" sha1="a6fc77008ba067f7749f8b90e40d9411a7f335ff"/>
			</dataarea>
		</part>
	</software>

	<software name="addcomm">
		<description>Addcomm v1.30</description>
		<year>1985</year>
		<publisher>Vine Micros</publisher>
		<part name="rom" interface="electron_rom">
			<dataarea name="rom" size="8192">
				<rom name="Addcomm-1.30.rom" size="8192" crc="185c4a87" sha1="d04e8b6d15d188ea3136fa39fd4fde5e6eef3fb2"/>
			</dataarea>
		</part>
	</software>

	<software name="abep" supported="no">
		<description>Advanced BASIC Editor Plus v1.00</description>
		<year>1989</year>
		<publisher>P.R.E.S.</publisher>
		<part name="rom" interface="electron_rom">
			<dataarea name="rom" size="32768">
				<rom name="AdvancedBASICEditorPlus-1.00.rom" size="32768" crc="7e3a119a" sha1="27e299a9f265415f347c028d14d8fb434c636d03"/>
			</dataarea>
		</part>
	</software>

	<software name="acp100" cloneof="acp">
		<description>Advanced Control Panel v1.00</description>
		<year>1986</year>
		<publisher>Advanced Computer Products</publisher>
		<part name="rom" interface="electron_rom">
			<dataarea name="rom" size="16384">
				<rom name="AdvancedControlPanel-1.00.rom" size="16384" crc="cb3ce1b2" sha1="994f723928935a4da2709bdc4634ef74dee4e66c"/>
			</dataarea>
		</part>
	</software>

	<software name="acp102" cloneof="acp">
		<description>Advanced Control Panel v1.02</description>
		<year>1987</year>
		<publisher>Advanced Computer Products</publisher>
		<part name="rom" interface="electron_rom">
			<dataarea name="rom" size="16384">
				<rom name="AdvancedControlPanel-1.02.rom" size="16384" crc="cba57ba9" sha1="bd57776cf15861849919abaf56be587e6e5f5979"/>
			</dataarea>
		</part>
	</software>

	<software name="acp103" cloneof="acp">
		<description>Advanced Control Panel v1.03</description>
		<year>1987</year>
		<publisher>Advanced Computer Products</publisher>
		<part name="rom" interface="electron_rom">
			<dataarea name="rom" size="16384">
				<rom name="AdvancedControlPanel-1.03.rom" size="16384" crc="61b95aaf" sha1="52840be22f3095a6acc1a70331b87569d39e18d3"/>
			</dataarea>
		</part>
	</software>

	<software name="acp104" cloneof="acp">
		<description>Advanced Control Panel v1.04</description>
		<year>1987</year>
		<publisher>Advanced Computer Products</publisher>
		<part name="rom" interface="electron_rom">
			<dataarea name="rom" size="16384">
				<rom name="AdvancedControlPanel-1.04.rom" size="16384" crc="1ea4e844" sha1="a9c7c43119eae0d411af2823df005c3b149f1eab"/>
			</dataarea>
		</part>
	</software>

	<software name="acp">
		<description>Advanced Control Panel v3.01</description>
		<year>1988</year>
		<publisher>P.R.E.S.</publisher>
		<part name="rom" interface="electron_rom">
			<dataarea name="rom" size="16384">
				<rom name="AdvancedControlPanel-3.01.rom" size="16384" crc="23ed10e2" sha1="0c627a19cfd6d693c6140b11ffc34c9e00d032a0"/>
			</dataarea>
		</part>
	</software>

	<software name="adi100" cloneof="adi">
		<description>Advanced Disc Investigator v1.00</description>
		<year>1986</year>
		<publisher>Advanced Computer Products</publisher>
		<part name="rom" interface="electron_rom">
			<dataarea name="rom" size="16384">
				<rom name="AdvancedDiscInvestigator-1.00.rom" size="16384" crc="acfe8428" sha1="2d32d9d972760dc3aaaf429917cecc9b8af24ca3"/>
			</dataarea>
		</part>
	</software>

	<software name="adi100a" cloneof="adi">
		<description>Advanced Disc Investigator v1.00a</description>
		<year>1986</year>
		<publisher>Advanced Computer Products</publisher>
		<part name="rom" interface="electron_rom">
			<dataarea name="rom" size="16384">
				<rom name="AdvancedDiscInvestigator-1.00a.rom" size="16384" crc="87e7242f" sha1="7e18a6619fe8af2944659ce51bc4396aeaf9b46b"/>
			</dataarea>
		</part>
	</software>

	<software name="adi110" cloneof="adi">
		<description>Advanced Disc Investigator v1.10</description>
		<year>1986</year>
		<publisher>Advanced Computer Products</publisher>
		<part name="rom" interface="electron_rom">
			<dataarea name="rom" size="16384">
				<rom name="AdvancedDiscInvestigator-1.10.rom" size="16384" crc="9cad0cb1" sha1="78af376360616708149f64a4dff11207a2990b7f"/>
			</dataarea>
		</part>
	</software>

	<software name="adi120" cloneof="adi">
		<description>Advanced Disc Investigator v1.20</description>
		<year>1986</year>
		<publisher>Advanced Computer Products</publisher>
		<part name="rom" interface="electron_rom">
			<dataarea name="rom" size="16384">
				<rom name="AdvancedDiscInvestigator-1.20.rom" size="16384" crc="41ce3b44" sha1="748df4937683a361669fed3f528c467d27a8f111"/>
			</dataarea>
		</part>
	</software>

	<software name="adi120a" cloneof="adi">
		<description>Advanced Disc Investigator v1.20a</description>
		<year>1986</year>
		<publisher>Advanced Computer Products</publisher>
		<part name="rom" interface="electron_rom">
			<dataarea name="rom" size="16384">
				<rom name="AdvancedDiscInvestigator-1.20a.rom" size="16384" crc="cb41ec36" sha1="59f6a5e75b6684b14cee56c20452999bb8f1c9c7"/>
			</dataarea>
		</part>
	</software>

	<software name="adi122" cloneof="adi">
		<description>Advanced Disc Investigator v1.22</description>
		<year>1986</year>
		<publisher>Advanced Computer Products</publisher>
		<part name="rom" interface="electron_rom">
			<dataarea name="rom" size="16384">
				<rom name="AdvancedDiscInvestigator-1.22.rom" size="16384" crc="68650e7b" sha1="b2fc4e8278997d8084282424b1c1e18d07a28c99"/>
			</dataarea>
		</part>
	</software>

	<software name="adi">
		<description>Advanced Disc Investigator v2.00</description>
		<year>1988</year>
		<publisher>P.R.E.S.</publisher>
		<part name="rom" interface="electron_rom">
			<dataarea name="rom" size="16384">
				<rom name="AdvancedDiscInvestigator-2.00.rom" size="16384" crc="78d06e56" sha1="a8dfa206abea36ce791c0d3dfa15beabfbbfb9e7"/>
			</dataarea>
		</part>
	</software>

	<software name="adt120" cloneof="adt">
		<description>Advanced Disc Toolkit v1.20</description>
		<year>1985</year>
		<publisher>Advanced Computer Products</publisher>
		<part name="rom" interface="electron_rom">
			<dataarea name="rom" size="16384">
				<rom name="AdvancedDiscToolkit-1.20.rom" size="16384" crc="6b6361e0" sha1="88951446676d592517c9b515b76ace4126aff87a"/>
			</dataarea>
		</part>
	</software>

	<software name="adt140" cloneof="adt">
		<description>Advanced Disc Toolkit v1.40</description>
		<year>1985</year>
		<publisher>Advanced Computer Products</publisher>
		<part name="rom" interface="electron_rom">
			<dataarea name="rom" size="16384">
				<rom name="AdvancedDiscToolkit-1.40.rom" size="16384" crc="9dcf9f63" sha1="1a91f1e82c836825ed4256db93930ce3d54c65d7"/>
			</dataarea>
		</part>
	</software>

	<software name="adt150" cloneof="adt">
		<description>Advanced Disc Toolkit v1.50</description>
		<year>1985</year>
		<publisher>Advanced Computer Products</publisher>
		<part name="rom" interface="electron_rom">
			<dataarea name="rom" size="16384">
				<rom name="AdvancedDiscToolkit-1.50.rom" size="16384" crc="974eeaaf" sha1="7ae1a6a933b6ba8ea5284fa358bba8913da99d4e"/>
			</dataarea>
		</part>
	</software>

	<software name="adt160" cloneof="adt">
		<description>Advanced Disc Toolkit v1.60</description>
		<year>1985</year>
		<publisher>Advanced Computer Products</publisher>
		<part name="rom" interface="electron_rom">
			<dataarea name="rom" size="16384">
				<rom name="AdvancedDiscToolkit-1.60.rom" size="16384" crc="23f253b1" sha1="921be90ff06635744f9c0d717343b46977a4dff6"/>
			</dataarea>
		</part>
	</software>

	<software name="adt172" cloneof="adt">
		<description>Advanced Disc Toolkit v1.72</description>
		<year>1986</year>
		<publisher>Advanced Computer Products</publisher>
		<part name="rom" interface="electron_rom">
			<dataarea name="rom" size="16384">
				<rom name="AdvancedDiscToolkit-1.72.rom" size="16384" crc="6b2f5169" sha1="e3ea80f6ce3e8c1a79090634e5d6279343ffc7cb"/>
			</dataarea>
		</part>
	</software>

	<software name="adt173" cloneof="adt">
		<description>Advanced Disc Toolkit v1.73</description>
		<year>1986</year>
		<publisher>Advanced Computer Products</publisher>
		<part name="rom" interface="electron_rom">
			<dataarea name="rom" size="16383">
				<rom name="AdvancedDiscToolkit-1.73.rom" size="16383" crc="0b66d995" sha1="70080be496732a192ef59ae716fb14748645b7f7"/>
			</dataarea>
		</part>
	</software>

	<software name="adt174" cloneof="adt">
		<description>Advanced Disc Toolkit v1.74</description>
		<year>1986</year>
		<publisher>Advanced Computer Products</publisher>
		<part name="rom" interface="electron_rom">
			<dataarea name="rom" size="16384">
				<rom name="AdvancedDiscToolkit-1.74.rom" size="16384" crc="8a410218" sha1="c7ec2ec4948bbd3207c2074789e50667ae13fba0"/>
			</dataarea>
		</part>
	</software>

	<software name="adt175" cloneof="adt">
		<description>Advanced Disc Toolkit v1.75</description>
		<year>1986</year>
		<publisher>Advanced Computer Products</publisher>
		<part name="rom" interface="electron_rom">
			<dataarea name="rom" size="16384">
				<rom name="AdvancedDiscToolkit-1.75.rom" size="16384" crc="3a9ee778" sha1="e2467ce5e3a2af8bef9e1209efdce8ffa0a0e687"/>
			</dataarea>
		</part>
	</software>

	<software name="adt176" cloneof="adt">
		<description>Advanced Disc Toolkit v1.76</description>
		<year>1986</year>
		<publisher>Advanced Computer Products</publisher>
		<part name="rom" interface="electron_rom">
			<dataarea name="rom" size="16384">
				<rom name="AdvancedDiscToolkit-1.76.rom" size="16384" crc="41f8cb65" sha1="1daf6c54ddee50a26bcfa9fbffc3b4623d790a93"/>
			</dataarea>
		</part>
	</software>

	<software name="adt177c" cloneof="adt">
		<description>Advanced Disc Toolkit v1.77 [cracked]</description>
		<year>1986</year>
		<publisher>Advanced Computer Products</publisher>
		<part name="rom" interface="electron_rom">
			<dataarea name="rom" size="16384">
				<rom name="AdvancedDiscToolkit-1.77crack.rom" size="16384" crc="f26bbdc3" sha1="48079eb13fb10a035a6f97fb96195dd734a366e2"/>
			</dataarea>
		</part>
	</software>

	<software name="adt178" cloneof="adt">
		<description>Advanced Disc Toolkit v1.78</description>
		<year>1986</year>
		<publisher>Advanced Computer Products</publisher>
		<part name="rom" interface="electron_rom">
			<dataarea name="rom" size="16384">
				<rom name="AdvancedDiscToolkit-1.78.rom" size="16384" crc="a75ac03f" sha1="9324408a9eaa09159c8f0d445af08d7a70099d4c"/>
			</dataarea>
		</part>
	</software>

	<software name="adt">
		<description>Advanced Disc Toolkit v2.00</description>
		<year>1988</year>
		<publisher>P.R.E.S.</publisher>
		<part name="rom" interface="electron_rom">
			<dataarea name="rom" size="16384">
				<rom name="AdvancedDiscToolkit-2.00.rom" size="16384" crc="58280631" sha1="f0d4cf0978ae397106370c187002ab95e2a592fc"/>
			</dataarea>
		</part>
	</software>

	<software name="aep">
		<description>Advanced EPROM Programmer v1.00</description>
		<year>1985</year>
		<publisher>Advanced Computer Products</publisher>
		<part name="rom" interface="electron_rom">
			<dataarea name="rom" size="16384">
				<rom name="AdvancedEPROMProgrammer-1.00.rom" size="16384" crc="953598f3" sha1="3217d8af2049c2e8160c82466ee02eaa238a2fba"/>
			</dataarea>
		</part>
	</software>

	<software name="afm106" cloneof="afm">
		<description>Advanced File Manager v1.06</description>
		<year>1988</year>
		<publisher>P.R.E.S.</publisher>
		<part name="rom" interface="electron_rom">
			<dataarea name="rom" size="16384">
				<rom name="AdvancedFileManager-1.06.rom" size="16384" crc="0ce0d962" sha1="1710865ed4b6d8bab9c8645082debf3a7bf21602"/>
			</dataarea>
		</part>
	</software>

	<software name="afm107" cloneof="afm">
		<description>Advanced File Manager v1.07</description>
		<year>1988</year>
		<publisher>P.R.E.S.</publisher>
		<part name="rom" interface="electron_rom">
			<dataarea name="rom" size="16384">
				<rom name="AdvancedFileManager-1.07.rom" size="16384" crc="802a05f3" sha1="5b897bea01eb8fc6b0d19b5f4f382627e3438097"/>
			</dataarea>
		</part>
	</software>

	<software name="afm">
		<description>Advanced File Manager v1.09</description>
		<year>1988</year>
		<publisher>P.R.E.S.</publisher>
		<part name="rom" interface="electron_rom">
			<dataarea name="rom" size="16384">
				<rom name="AdvancedFileManager-1.09.rom" size="16384" crc="64d7ff45" sha1="5306205a719d95a4bbad6ddee4fdcf37014821a8"/>
			</dataarea>
		</part>
	</software>

	<software name="ample">
		<description>AMPLE Nucleus ID 60205</description>
		<year>1986</year>
		<publisher>Hybrid Technology</publisher>
		<info name="usage" value="Requires Music 5000"/>
		<part name="rom" interface="electron_rom">
			<dataarea name="rom" size="16384">
				<rom name="AMPLENucleus-1.10-60205.rom" size="16384" crc="b6417662" sha1="261eabfd72f2aa63d86c8ce3a94f5c822aca2d71"/>
			</dataarea>
		</part>
	</software>

	<software name="arm100" cloneof="arm">
		<description>Advanced ROM Manager v1.00</description>
		<year>1986</year>
		<publisher>Advanced Computer Products</publisher>
		<part name="rom" interface="electron_rom">
			<dataarea name="rom" size="16384">
				<rom name="AdvancedROMManager-1.00.rom" size="16384" crc="e7e2a294" sha1="e101477ac60f626c195a6b6fc52cd56d9bb26a64"/>
			</dataarea>
		</part>
	</software>

	<software name="arm110" cloneof="arm">
		<description>Advanced ROM Manager v1.10</description>
		<year>1986</year>
		<publisher>Advanced Computer Products</publisher>
		<part name="rom" interface="electron_rom">
			<dataarea name="rom" size="16384">
				<rom name="AdvancedROMManager-1.10.rom" size="16384" crc="cece0758" sha1="02898c0bea973aa2d4af8f6fad8fef48a3ecb618"/>
			</dataarea>
		</part>
	</software>

	<software name="arm112" cloneof="arm">
		<description>Advanced ROM Manager v1.12</description>
		<year>1986</year>
		<publisher>Advanced Computer Products</publisher>
		<part name="rom" interface="electron_rom">
			<dataarea name="rom" size="16384">
				<rom name="AdvancedROMManager-1.12.rom" size="16384" crc="de826749" sha1="e1b8847c4c1acfcef0b476cb78e9ee7cd2f74807"/>
			</dataarea>
		</part>
	</software>

	<software name="arm">
		<description>Advanced ROM Manager v1.13</description>
		<year>1986</year>
		<publisher>Advanced Computer Products</publisher>
		<part name="rom" interface="electron_rom">
			<dataarea name="rom" size="8192">
				<rom name="AdvancedROMManager-1.13.rom" size="8192" crc="71827a15" sha1="a16b1d18ae166b250e449dbc70b801ed471578c9"/>
			</dataarea>
		</part>
	</software>

	<software name="art" supported="no">
		<description>AMX Mouse Support v2.1</description>
		<year>1986</year>
		<publisher>Advanced Computer Products</publisher>
		<part name="rom" interface="electron_rom">
			<dataarea name="rom" size="16384">
				<rom name="ArtROM-2.1.rom" size="16384" crc="02d28676" sha1="ef358b9d133f12036672f87e8a08ca285b68066e"/>
			</dataarea>
		</part>
	</software>

	<software name="bedemo">
		<description>Electron BasicEd DEMO</description>
		<year>1987</year>
		<publisher>Altra</publisher>
		<part name="rom" interface="electron_rom">
			<dataarea name="rom" size="16384">
				<rom name="AltraBasicEdDEMO-1.60.rom" size="16384" crc="beff480a" sha1="17c6ba07510bd0fd58fdb9d4beb708e24da954c6"/>
			</dataarea>
		</part>
	</software>

	<software name="bet" supported="no">
		<description>BASIC Editor &amp; Toolkit v1.00</description>
		<year>1990</year>
		<publisher>Ian Copestake Software</publisher>
		<part name="rom" interface="electron_rom">
			<dataarea name="rom" size="32768">
				<rom name="BASICEditorToolkit-1.00.rom" size="32768" crc="9dcf064e" sha1="80fb0c735a294b57e3fcc92614063a4ce319b41b"/>
			</dataarea>
		</part>
	</software>

	<software name="e2p" supported="no">
		<description>E2P Operating System (ROM)</description>
		<year>1986</year>
		<publisher>Permanent Memory Systems</publisher>
		<info name="author" value="John Wike" />
		<info name="usage" value="Requires E2P-6502" />
		<part name="rom" interface="electron_rom">
			<dataarea name="rom" size="8192">
				<rom name="PMSE2P-2.4.rom" size="8192" crc="05332a50" sha1="35c7dbf6119ab9770df4765d08382e3af7345aa9" />
			</dataarea>
		</part>
	</software>

	<software name="elkman14" cloneof="elkman">
		<description>ElkMan v1.4</description>
		<year>1985</year>
		<publisher>Slogger</publisher>
		<part name="rom" interface="electron_rom">
			<dataarea name="rom" size="8192">
				<rom name="ElkMan-1.4.rom" size="8192" crc="d2bcacf4" sha1="3ba7d6b40794969dbb2322de8dc2434543abb8ea"/>
			</dataarea>
		</part>
	</software>

	<software name="elkman">
		<description>ElkMan v1.5</description>
		<year>1985</year>
		<publisher>Slogger</publisher>
		<part name="rom" interface="electron_rom">
			<dataarea name="rom" size="8192">
				<rom name="ElkMan-1.5.rom" size="8192" crc="2dad12b0" sha1="c834a5abc94ce7f2b690496296cc5d13852797a4"/>
			</dataarea>
		</part>
	</software>

	<software name="epromprg">
		<description>EPROM Programmer v1.01</description>
		<year>1987</year>
		<publisher>Morley Electronics</publisher>
		<part name="rom" interface="electron_rom">
			<dataarea name="rom" size="8192">
				<rom name="ElectronEPROMProgrammer-1.01.rom" size="8192" crc="465f1899" sha1="f3aa79d423d924a7b7755b4dfb038ca9764353d8"/>
			</dataarea>
		</part>
	</software>

	<software name="gommc" supported="no">
		<description>GoMMC Tools 1.03</description>
		<year>2007</year>
		<publisher>John Kortink</publisher>
		<part name="rom" interface="electron_rom">
			<dataarea name="rom" size="16384">
				<rom name="GoMMCTools-E1.03.rom" size="16384" crc="ab7cd089" sha1="f2b069f7b29ae699e55a9f3e7d187efce052582f"/>
			</dataarea>
		</part>
	</software>

	<software name="i2c" supported="no">
		<description>I2C (4 U) 3.1E</description>
		<year>2018</year>
		<publisher>Martin Barr</publisher>
		<part name="rom" interface="electron_rom">
			<dataarea name="rom" size="16384">
				<rom name="I2C-3.1E.rom" size="16384" crc="8e31ea35" sha1="749a877480561d78b546e9541e66f8d774e56dfe"/>
			</dataarea>
		</part>
	</software>

	<software name="matrix">
		<description>Matrix</description>
		<year>1986</year>
		<publisher>Vine Micros</publisher>
		<part name="rom" interface="electron_rom">
			<dataarea name="rom" size="8192">
				<rom name="Matrix-1.01.rom" size="8192" crc="79beb2e0" sha1="3759f55e9f39b83eb96cb95ea4466ab72baca57f"/>
			</dataarea>
		</part>
	</software>

	<software name="mode7mk211" cloneof="mode7mk2" supported="no">
		<description>Mode 7 Mk2 v1.1</description>
		<year>1989</year>
		<publisher>JAFA Systems</publisher>
		<part name="rom" interface="electron_rom">
			<dataarea name="rom" size="16384">
				<rom name="Mode7Mk2-1.1.rom" size="16384" crc="d5d7c7db" sha1="5e98963c268ac56c49631fe808b4f37aca3bef63"/>
			</dataarea>
		</part>
	</software>

	<software name="mode7mk2" supported="no">
		<description>Mode 7 Mk2 v2.2</description>
		<year>1989</year>
		<publisher>JAFA Systems</publisher>
		<part name="rom" interface="electron_rom">
			<dataarea name="rom" size="16384">
				<rom name="Mode7Mk2-2.2.rom" size="16384" crc="28792451" sha1="efabe095f7a87ff42d8da318a14ad57c5c03772e"/>
			</dataarea>
		</part>
	</software>

	<software name="mode7sim11" cloneof="mode7sim">
		<description>Mode 7 Simulator v1.1</description>
		<year>1988</year>
		<publisher>JAFA Systems</publisher>
		<part name="rom" interface="electron_rom">
			<dataarea name="rom" size="16384">
				<rom name="Mode7Simulator-1.1.rom" size="16384" crc="3d4bbd16" sha1="22755882e39a6b5f92b9e29fb29d87cf4053c8e8"/>
			</dataarea>
		</part>
	</software>

	<software name="mode7sim">
		<description>Mode 7 Simulator v1.5</description>
		<year>1988</year>
		<publisher>JAFA Systems</publisher>
		<part name="rom" interface="electron_rom">
			<dataarea name="rom" size="16384">
				<rom name="Mode7Simulator-1.5.rom" size="16384" crc="ad5f6ee8" sha1="c00ec0902d03f81254ea264af1f4d7a03b28e8a6"/>
			</dataarea>
		</part>
	</software>

	<software name="mforth83">
		<description>Multi-Forth 83</description>
		<year>1984</year>
		<publisher>Skywave</publisher>
		<info name="usage" value="*FORTH-83" />
		<part name="rom" interface="electron_rom">
			<dataarea name="rom" size="16384">
				<rom name="Multi-Forth83.rom" size="16384" crc="c7de445f" sha1="9d26aecf96608504d091628ce1f15fb045e2874a"/>
			</dataarea>
		</part>
	</software>

	<software name="pluscom">
		<description>Pluscom Plus v2.00</description>
		<year>1987</year>
		<publisher>Project Expansions</publisher>
		<part name="rom" interface="electron_rom">
			<dataarea name="rom" size="16384">
				<rom name="PluscomPlus-2.00.rom" size="16384" crc="5cb19328" sha1="cf01c3da5e23b7d39dd2965eb08c51e203ff69f0"/>
			</dataarea>
		</part>
	</software>

	<software name="printer">
		<description>Printer ROM v1.00</description>
		<year>1985</year>
		<publisher>Slogger</publisher>
		<part name="rom" interface="electron_rom">
			<dataarea name="rom" size="8192">
				<rom name="PrinterROM-1.00.rom" size="8192" crc="f9b5d906" sha1="a38e8874f6aba199d7ab36fd7ddb25f84f1a8f12"/>
			</dataarea>
		</part>
	</software>

	<software name="printerrb" cloneof="printer">
		<description>Printer ROM v1.00 (ROMBOX Expansion)</description>
		<year>1985</year>
		<publisher>Slogger</publisher>
		<part name="rom" interface="electron_rom">
			<dataarea name="rom" size="8192">
				<rom name="PrinterROM-1.00-ROMBOX.rom" size="8192" crc="a56a0d37" sha1="e4500a3dbf95972fce99c2f135852071ed363ef7"/>
			</dataarea>
		</part>
	</software>

	<software name="pdg">
		<description>StarWord: Printer Driver Generator</description>
		<year>1985</year>
		<publisher>Slogger</publisher>
		<info name="usage" value="*ROM then CHAIN&quot;&quot;" />
		<part name="rom" interface="electron_rom">
			<dataarea name="rom" size="16384">
				<rom name="PDG.rom" size="16384" crc="6fc48a1a" sha1="a83a71f07620db8ba942d7fda8571f1b6d271d2b"/>
			</dataarea>
		</part>
	</software>

	<software name="ramtest">
		<description>Electron RAM Test</description>
		<year>1987</year>
		<publisher>Slogger</publisher>
		<part name="rom" interface="electron_rom">
			<dataarea name="rom" size="8192">
				<rom name="ElkRAMTest.rom" size="8192" crc="5ce25db7" sha1="be519328af9d07708fbbddbdbd5741c416ce18ce"/>
			</dataarea>
		</part>
	</software>

	<software name="stargrph2" cloneof="stargrph">
		<description>StarGraph v2.01</description>
		<year>1985</year>
		<publisher>Slogger</publisher>
		<part name="rom" interface="electron_rom">
			<dataarea name="rom" size="8192">
				<rom name="Stargraph-2.01.rom" size="8192" crc="07c9169a" sha1="bd332cb921f5af6319a5a6ec65e001b86b67aa04"/>
			</dataarea>
		</part>
	</software>

	<software name="stargrph">
		<description>StarGraph v3.01</description>
		<year>1987</year>
		<publisher>Slogger</publisher>
		<part name="rom" interface="electron_rom">
			<dataarea name="rom" size="8192">
				<rom name="Stargraph-3.01.rom" size="8192" crc="dffedeb1" sha1="5e8496212fb734b8e9989092e60eb37009e95ad8"/>
			</dataarea>
		</part>
	</software>

	<software name="starmon">
		<description>StarMon v1.20b</description>
		<year>1984</year>
		<publisher>Slogger</publisher>
		<part name="rom" interface="electron_rom">
			<dataarea name="rom" size="8192">
				<rom name="Starmon-E1.20b.rom" size="8192" crc="f8d60f5e" sha1="c5bdc3361cc7eaac208d26abdc9c7c76c9ce9dd8"/>
			</dataarea>
		</part>
	</software>

	<software name="starspell">
		<description>StarSpell</description>
		<year>1989</year>
		<publisher>Slogger</publisher>
		<part name="rom" interface="electron_rom">
			<dataarea name="rom" size="16384">
				<rom name="Starspell-1.00.rom" size="16384" crc="765a71f3" sha1="a02a8ac35aaafef27a1911161c3c06b509ad56a4"/>
			</dataarea>
		</part>
	</software>

	<software name="starstor">
		<description>StarStore v1.00</description>
		<year>1985</year>
		<publisher>Slogger</publisher>
		<part name="rom" interface="electron_rom">
			<dataarea name="rom" size="8192">
				<rom name="Starstore-1.00.rom" size="8192" crc="e3ab400b" sha1="f17b6dcef2482b1b94534fc38a031f982fa750eb"/>
			</dataarea>
		</part>
	</software>

	<software name="starstora" cloneof="starstor">
		<description>StarStore v1.00 (alt)</description>
		<year>1985</year>
		<publisher>Slogger</publisher>
		<part name="rom" interface="electron_rom">
			<dataarea name="rom" size="8192">
				<rom name="Starstore-1.00-alt.rom" size="8192" crc="a95470c4" sha1="69dc39ab1566506dbb2a26bc9161474fbc85f40a"/>
			</dataarea>
		</part>
	</software>

	<software name="starstor203" cloneof="starstor2">
		<description>StarStore II v2.03</description>
		<year>1986</year>
		<publisher>Slogger</publisher>
		<part name="rom" interface="electron_rom">
			<dataarea name="rom" size="16384">
				<rom name="Starstore2-2.03.rom" size="16384" crc="c51c35db" sha1="c80d6ad824304790a33ace85aa91258646b30e60"/>
			</dataarea>
		</part>
	</software>

	<software name="starstor2">
		<description>StarStore II v2.04</description>
		<year>1986</year>
		<publisher>Slogger</publisher>
		<part name="rom" interface="electron_rom">
			<dataarea name="rom" size="16384">
				<rom name="Starstore2-2.04.rom" size="16384" crc="43314d69" sha1="b2098b0b74257fb53eea4e24b12b4011028801d0"/>
			</dataarea>
		</part>
	</software>

	<software name="starword">
		<description>StarWord v1.01</description>
		<year>1985</year>
		<publisher>Slogger</publisher>
		<part name="rom" interface="electron_rom">
			<dataarea name="rom" size="16384">
				<rom name="Starword-1.01.rom" size="16384" crc="eee36568" sha1="ba9d6c11d3875a94ec76a529693ced34b283bd50"/>
			</dataarea>
		</part>
	</software>

	<software name="starwordnlf" cloneof="starword">
		<description>StarWord v1.01 (No Auto LF)</description>
		<year>1985</year>
		<publisher>Slogger</publisher>
		<part name="rom" interface="electron_rom">
			<dataarea name="rom" size="16384">
				<rom name="Starword-1.01-NoLF.rom" size="16384" crc="41c4983c" sha1="8c7c0ae29717709e796504a923a646e382afe792"/>
			</dataarea>
		</part>
	</software>

	<software name="starwordc" cloneof="starword">
		<description>StarWord v1.01 (Cumana)</description>
		<year>1985</year>
		<publisher>Slogger</publisher>
		<part name="rom" interface="electron_rom">
			<dataarea name="rom" size="16384">
				<rom name="Starword-1.01-Cumana.rom" size="16384" crc="8263bdb8" sha1="afde61e0555bda408f5192e41e51f5e5311d934e"/>
			</dataarea>
		</part>
	</software>

	<software name="stopress">
		<description>AMX Stop Press</description>
		<year>1989</year>
		<publisher>Slogger</publisher>
		<part name="rom1" interface="electron_rom">
			<dataarea name="rom" size="16384">
				<rom name="AMXStopPress-1.9.rom" size="16384" crc="900716e1" sha1="1d6d219c51e8a2be305e69b8fecaa76d992d5ba2"/>
			</dataarea>
		</part>
		<part name="rom2" interface="electron_rom">
			<dataarea name="rom" size="16384">
				<rom name="AMXStopPressSupport-1.9.rom" size="16384" crc="21cb5808" sha1="8d2fd8b39492654fa32453c0936a70e15d97d736"/>
			</dataarea>
		</part>
	</software>

	<software name="t2c3">
		<description>T2C3 v1.00</description>
		<year>1985</year>
		<publisher>Slogger</publisher>
		<part name="rom" interface="electron_rom">
			<dataarea name="rom" size="8192">
				<rom name="T2C3-1.00.rom" size="8192" crc="35250909" sha1="cd288ea49052d01d9ce3fedce0a475c39541ddc6"/>
			</dataarea>
		</part>
	</software>

	<software name="t2cu101" cloneof="t2cu">
		<description>T2CU v1.01</description>
		<year>1985</year>
		<publisher>Slogger</publisher>
		<part name="rom" interface="electron_rom">
			<dataarea name="rom" size="8192">
				<rom name="T2CU-1.01.rom" size="8192" crc="b04ac95f" sha1="495301b5df7857b9a4850c5f88b3047c620ac763"/>
			</dataarea>
		</part>
	</software>

	<software name="t2cu200" cloneof="t2cu">
		<description>T2CU v2.00</description>
		<year>1987</year>
		<publisher>Slogger</publisher>
		<part name="rom" interface="electron_rom">
			<dataarea name="rom" size="8192">
				<rom name="T2CU-2.00.rom" size="8192" crc="3d3be2a0" sha1="324abc8289c83f6b47933ccf842e6c3edc167015"/>
			</dataarea>
		</part>
	</software>

	<software name="t2cu">
		<description>T2CU v2.01</description>
		<year>1987</year>
		<publisher>Slogger</publisher>
		<part name="rom" interface="electron_rom">
			<dataarea name="rom" size="8192">
				<rom name="T2CU-2.01.rom" size="8192" crc="c107e2c5" sha1="f840f0fbd41c9f91d6b8a830ff003989fb53f99d"/>
			</dataarea>
		</part>
	</software>

	<software name="t2p3100" cloneof="t2p3">
		<description>T2P3 v1.00</description>
		<year>1985</year>
		<publisher>Slogger</publisher>
		<part name="rom" interface="electron_rom">
			<dataarea name="rom" size="8192">
				<rom name="T2P3-1.00.rom" size="8192" crc="fa452f32" sha1="b1b05046a51560faf72dabe8bbf3ce0a66ddce8e"/>
			</dataarea>
		</part>
	</software>

	<software name="t2p3101" cloneof="t2p3">
		<description>T2P3 v1.01</description>
		<year>1985</year>
		<publisher>Slogger</publisher>
		<part name="rom" interface="electron_rom">
			<dataarea name="rom" size="8192">
				<rom name="T2P3-1.01.rom" size="8192" crc="dbea55d5" sha1="32af52713501b38a7da0927668a5e97869a729da"/>
			</dataarea>
		</part>
	</software>

	<software name="t2p3200" cloneof="t2p3">
		<description>T2P3 v2.00</description>
		<year>1987</year>
		<publisher>Slogger</publisher>
		<part name="rom" interface="electron_rom">
			<dataarea name="rom" size="8192">
				<rom name="T2P3-2.00.rom" size="8192" crc="c63a14d6" sha1="23d009552c1d3a1661542804df3bba25b9556998"/>
			</dataarea>
		</part>
	</software>

	<software name="t2p3201" cloneof="t2p3">
		<description>T2P3 v2.01</description>
		<year>1987</year>
		<publisher>Slogger</publisher>
		<part name="rom" interface="electron_rom">
			<dataarea name="rom" size="8192">
				<rom name="T2P3-2.01.rom" size="8192" crc="5bba1353" sha1="5f3c8c3c7903b081ea4b61c6cd8db9691c9fafb8"/>
			</dataarea>
		</part>
	</software>

	<software name="t2p3">
		<description>T2P3 v2.02</description>
		<year>1987</year>
		<publisher>Slogger</publisher>
		<part name="rom" interface="electron_rom">
			<dataarea name="rom" size="8192">
				<rom name="T2P3-2.02.rom" size="8192" crc="bb9b4c02" sha1="36880310a252e1f642a08cbddb343b6bbd61cbd6"/>
			</dataarea>
		</part>
	</software>

	<software name="t2p4200" cloneof="t2p4">
		<description>T2P4 v2.00</description>
		<year>1987</year>
		<publisher>Slogger</publisher>
		<part name="rom" interface="electron_rom">
			<dataarea name="rom" size="8192">
				<rom name="T2P4-2.00.rom" size="8192" crc="e27f6be3" sha1="68743ac847dc53f17d777f236c05e5c8934dab8e"/>
			</dataarea>
		</part>
	</software>

	<software name="t2p4201" cloneof="t2p4">
		<description>T2P4 v2.01</description>
		<year>1987</year>
		<publisher>Slogger</publisher>
		<part name="rom" interface="electron_rom">
			<dataarea name="rom" size="8192">
				<rom name="T2P4-2.01.rom" size="8192" crc="d1c66a36" sha1="8e2f3c97d7083c886679a656fed699be21321c50"/>
			</dataarea>
		</part>
	</software>

	<software name="t2p4">
		<description>T2P4 v2.02</description>
		<year>1988</year>
		<publisher>Slogger</publisher>
		<part name="rom" interface="electron_rom">
			<dataarea name="rom" size="8192">
				<rom name="T2P4-2.02.rom" size="8192" crc="6a2356c6" sha1="5cbcb8ebddfb6d9a88d0c3c8c1dcf500dbd6efe1"/>
			</dataarea>
		</part>
	</software>

	<software name="t2peg400">
		<description>T2PEG400 v2.02</description>
		<year>1987</year>
		<publisher>Slogger</publisher>
		<part name="rom" interface="electron_rom">
			<dataarea name="rom" size="8192">
				<rom name="T2PEG400-2.02.rom" size="8192" crc="bf2f12ea" sha1="c01e6867365677f4e1b1ad405eafed9436355603"/>
			</dataarea>
		</part>
	</software>

	<software name="t2sd">
		<description>T2SD v2.01</description>
		<year>1987</year>
		<publisher>Slogger</publisher>
		<part name="rom" interface="electron_rom">
			<dataarea name="rom" size="8192">
				<rom name="T2SD-2.01.rom" size="8192" crc="9df09236" sha1="58ce0fed6f3833464ae8e9cea74bfc5d841712e8"/>
			</dataarea>
		</part>
	</software>

	<software name="t2sedfs200" cloneof="t2sedfs">
		<description>T2SEDFS v2.00</description>
		<year>1987</year>
		<publisher>Slogger</publisher>
		<part name="rom" interface="electron_rom">
			<dataarea name="rom" size="8192">
				<rom name="T2SEDFS-2.00.rom" size="8192" crc="e40ccbc9" sha1="507bd0a2e5bc0ae59c3378d2f212548877f307a7"/>
			</dataarea>
		</part>
	</software>

	<software name="t2sedfs">
		<description>T2SEDFS v2.02</description>
		<year>1987</year>
		<publisher>Slogger</publisher>
		<part name="rom" interface="electron_rom">
			<dataarea name="rom" size="8192">
				<rom name="T2SEDFS-2.02.rom" size="8192" crc="81dc4492" sha1="0a24c092757306264856a2a0a108e894a6112cc7"/>
			</dataarea>
		</part>
	</software>

	<software name="timetndr">
		<description>Time-Tender</description>
		<year>1986</year>
		<publisher>Cheshire Micro Systems</publisher>
		<part name="rom1" interface="electron_rom">
			<dataarea name="rom" size="16384">
				<rom name="Time1.rom" size="16384" crc="95aea1a3" sha1="ff90ce72badc5ffe10326cfb59cd199566f49a73"/>
			</dataarea>
		</part>
		<part name="rom2" interface="electron_rom">
			<dataarea name="rom" size="16384">
				<rom name="Time2.rom" size="16384" crc="c07b15c7" sha1="2236ab7a029cb9f399ba4d57e93fcef703e5cb61"/>
			</dataarea>
		</part>
	</software>

	<software name="trek106" cloneof="trek">
		<description>StarTrek v1.06</description>
		<year>1986</year>
		<publisher>Slogger</publisher>
		<part name="rom" interface="electron_rom">
			<dataarea name="rom" size="16384">
				<rom name="Startrek-1.06.rom" size="16384" crc="f8c4ff20" sha1="1d51d57cc7588e86c61199c9c1eb3dd1eea35b93"/>
			</dataarea>
		</part>
	</software>

	<software name="trek">
		<description>StarTrek v1.07</description>
		<year>1986</year>
		<publisher>Slogger</publisher>
		<part name="rom" interface="electron_rom">
			<dataarea name="rom" size="16384">
				<rom name="Startrek-1.07.rom" size="16384" crc="deadec14" sha1="19eb03bdffa3d899e892d1d1f02a2ffb4d46fb88"/>
			</dataarea>
		</part>
	</software>

	<software name="utility">
		<description>Utility v1.4</description>
		<year>1985</year>
		<publisher>Slogger</publisher>
		<part name="rom" interface="electron_rom">
			<dataarea name="rom" size="16384">
				<rom name="Utility-1.4.rom" size="16384" crc="184eea9d" sha1="9734d883e43f98d714a8b4a9fc29e3777abfc58c"/>
			</dataarea>
		</part>
	</software>

	<software name="wordpwr">
		<description>WordPower v0.4</description>
		<year>1985</year>
		<publisher>Ian Copestake</publisher>
		<part name="rom" interface="electron_rom">
			<dataarea name="rom" size="16384">
				<rom name="WordPower-0.4.rom" size="16384" crc="3480cd3c" sha1="3de1dad3b41b5b83afa19ad081c9c42442fe079c"/>
			</dataarea>
		</part>
	</software>

	<software name="xbasic">
		<description>XBasic B.E</description>
		<year>1990</year>
		<publisher>DEB</publisher>
		<part name="rom" interface="electron_rom">
			<dataarea name="rom" size="16384">
				<rom name="Xbasic-B.E.rom" size="16384" crc="b1eb3e33" sha1="25d80112b789d72f739dccb54a86e1969f2eda0f"/>
			</dataarea>
		</part>
	</software>

</softwarelist>
