<?xml version="1.0"?>
<!DOCTYPE softwarelist SYSTEM "softwarelist.dtd">
<!--
license:CC0
-->

<!--

Cartridges(MCU+ROM) for Entex Select-A-Game Machine, note that the manual and
label calls one "Select-A-Game Cartridge" and not "Select-A-Game Machine Cartridge"

Games released, MCU:
- Baseball 4       - HD38800
- Basketball 3     - HD38800
- Football 4       - TMS1670
- Pac-Man 2        - HD38800
- Pinball          - HD38800
- Space Invader 2  - HD38800

Battleship and Turtles were announced but unreleased.

-->

<softwarelist name="entex_sag" description="Select-A-Game cartridges">

	<software name="baseb4">
		<description>Baseball 4</description>
		<year>1981</year>
		<publisher>Entex</publisher>
		<part name="cart" interface="sag_cart">
			<dataarea name="rom" size="0x2000"> <!-- HD38800 MCU -->
				<rom name="b-b5_hd38800a37" offset="0x0000" size="0x1000" crc="64852bd5" sha1="fb1c24ca43934ceb6fc35ac7c35b71e6e843dbc5" />
				<rom offset="0x1e80" size="0x0100" loadflag="continue" />
			</dataarea>
		</part>
	</software>

	<software name="baskb3">
		<description>Basketball 3</description>
		<year>1981</year>
		<publisher>Entex</publisher>
		<part name="cart" interface="sag_cart">
			<dataarea name="rom" size="0x2000"> <!-- HD38800 MCU -->
				<rom name="bask_hd38800a16" offset="0x0000" size="0x1000" crc="ccb3ecb0" sha1="a686bde6f678f2019ff8c971cf65adf92f9b46e1" />
				<rom offset="0x1e80" size="0x0100" loadflag="continue" />
			</dataarea>
		</part>
	</software>

	<software name="footb4">
		<description>Football 4</description>
		<year>1981</year>
		<publisher>Entex</publisher>
		<part name="cart" interface="sag_cart">
			<dataarea name="rom" size="0x1000"> <!-- TMS1670 MCU (die label: TMS1400, MP7573, 40H 01D D000 R000) -->
				<rom name="ftba_mp7573" size="0x1000" crc="b17dd9e3" sha1="9c9e7a56643233ef2adff7b68a6df19e6ca176c2" />
			</dataarea>
			<dataarea name="rom:mpla" size="867">
				<rom name="tms1100_common2_micro.pla" size="867" crc="7cc90264" sha1="c6e1cf1ffb178061da9e31858514f7cd94e86990" />
			</dataarea>
			<dataarea name="rom:opla" size="557">
				<rom name="tms1400_sag_fb4_output.pla" size="557" crc="f15dc6a1" sha1="ee11a64037895ac566e902b6b590ff62a7f703b0" />
			</dataarea>
		</part>
	</software>

	<software name="pacman2">
		<description>Pac-Man 2</description>
		<year>1981</year>
		<publisher>Entex</publisher>
		<part name="cart" interface="sag_cart">
			<dataarea name="rom" size="0x2000"> <!-- HD38800 MCU -->
				<rom name="pac1_hd38800a36" offset="0x0000" size="0x1000" crc="6050bc45" sha1="093d0905b73dc9050adb6a6d700ca4f068f009c1" />
				<rom offset="0x1e80" size="0x0100" loadflag="continue" />
			</dataarea>
		</part>
	</software>

	<software name="pinball">
		<description>Pinball</description>
		<year>1981</year>
		<publisher>Entex</publisher>
		<part name="cart" interface="sag_cart">
			<dataarea name="rom" size="0x2000"> <!-- HD38800 MCU -->
				<rom name="pinb_hd38800a38" offset="0x0000" size="0x1000" crc="6e53a56b" sha1="13f057eab2e4cfbb3ef1247a041abff15ae727c9" />
				<rom offset="0x1e80" size="0x0100" loadflag="continue" />
			</dataarea>
		</part>
	</software>

	<software name="sinv2">
		<description>Space Invader 2</description>
		<year>1981</year>
		<publisher>Entex</publisher>
		<part name="cart" interface="sag_cart">
			<dataarea name="rom" size="0x2000"> <!-- HD38800 MCU -->
				<rom name="inv2_hd38800a31" offset="0x0000" size="0x1000" crc="10e39521" sha1="41d86696e518ea071e75ed37d5dc63c0408c262e" />
				<rom offset="0x1e80" size="0x0100" loadflag="continue" />
			</dataarea>
		</part>
	</software>

</softwarelist>
