<?xml version="1.0"?>
<!DOCTYPE softwarelist SYSTEM "softwarelist.dtd">
<!--
license:CC0-1.0
-->
<softwarelist name="gx4000" description="Amstrad CPC Plus &amp; GX4000 cartridges">
	<software name="barb2">
		<description>Barbarian II</description>
		<year>1989</year>
		<publisher>Palace Software</publisher>
		<part name="cart" interface="gx4000_cart">
			<dataarea name="rom" size="131072">
				<rom name="barb2.bin" size="131072" crc="8d5d8466" sha1="8b8c966cf70bea3ef8264d3420fbf1ae13aad096"/>
			</dataarea>
		</part>
	</software>

	<software name="batman">
		<description>Batman</description>
		<year>1989</year>
		<publisher>Ocean Software</publisher>
		<part name="cart" interface="gx4000_cart">
			<dataarea name="rom" size="131072">
				<rom name="batman.bin" size="131072" crc="fed2468e" sha1="644b7671a06a37a8d0aa49a3c2e4cfca30e3c9c1"/>
			</dataarea>
		</part>
	</software>

	<software name="brubber">
		<description>Burnin' Rubber</description>
		<year>1990</year>
		<publisher>Ocean Software</publisher>
		<part name="cart" interface="gx4000_cart">
			<dataarea name="rom" size="131072">
				<rom name="brubber.bin" size="131072" crc="bb0752e7" sha1="a05975ebdba4845bb8c5097958f27a3428728f8d"/>
			</dataarea>
		</part>
	</software>

	<software name="coptr271">
		<description>Copter 271</description>
		<year>1991</year>
		<publisher>Loriciel Software</publisher>
		<part name="cart" interface="gx4000_cart">
			<dataarea name="rom" size="131072">
				<rom name="coptr271.bin" size="131072" crc="3f9d0682" sha1="4b0a80aa83eaa89f109bad55ae4b067f698faaeb"/>
			</dataarea>
		</part>
	</software>

	<software name="crzycrs2">
		<description>Crazy Cars II</description>
		<year>1990</year>
		<publisher>Titus Software</publisher>
		<part name="cart" interface="gx4000_cart">
			<dataarea name="rom" size="131072">
				<rom name="crzycrs2.bin" size="131072" crc="4bf81a5e" sha1="8f48816b69c00a3c07a8ddae1f5de2d36a11e966"/>
			</dataarea>
		</part>
	</software>

	<!-- Chase HQ II -->

	<software name="dicktr">
		<description>Dick Tracy</description>
		<year>1990</year>
		<publisher>Titus Software</publisher>
		<part name="cart" interface="gx4000_cart">
			<dataarea name="rom" size="131072">
				<rom name="dicktrcy.bin" size="131072" crc="b5c29fd0" sha1="2cf3f0140990548b2b3e7f5f7eaf9d7b6ae678af"/>
			</dataarea>
		</part>
	</software>

	<!-- Duck Tales -->

	<software name="firefor2">
		<description>Fire &amp; Forget II</description>
		<year>1990</year>
		<publisher>Titus Software</publisher>
		<part name="cart" interface="gx4000_cart">
			<dataarea name="rom" size="131072">
				<rom name="fandf2.bin" size="131072" crc="5a6329eb" sha1="3bcd8fe1f519cb8b453d2957f844e84b1e4f28d4"/>
			</dataarea>
		</part>
	</software>

	<software name="klax">
		<description>Klax</description>
		<year>1990</year>
		<publisher>Domark</publisher>
		<part name="cart" interface="gx4000_cart">
			<dataarea name="rom" size="131072">
				<rom name="klax.bin" size="131072" crc="94356097" sha1="49b8a6cf1af1f801fb6109f65674427332005d30"/>
			</dataarea>
		</part>
	</software>

	<software name="mystical">
		<description>Mystical</description>
		<year>1990</year>
		<publisher>Infogrames</publisher>
		<part name="cart" interface="gx4000_cart">
			<dataarea name="rom" size="131072">
				<rom name="mystical.bin" size="131072" crc="b98b11f5" sha1="9609c1948dfa84bc51f56d94f9667e6fefdfe145"/>
			</dataarea>
		</part>
	</software>

	<software name="navyseal">
		<description>Navy Seals</description>
		<year>1990</year>
		<publisher>Ocean Software</publisher>
		<part name="cart" interface="gx4000_cart">
			<dataarea name="rom" size="131072">
				<rom name="nvyseals.bin" size="131072" crc="92b77f03" sha1="6aab7380067ad224c804793f4e575718ff582042"/>
			</dataarea>
		</part>
	</software>

	<!-- doesn't boot -->
	<software name="noexit" supported="no">
		<description>No Exit</description>
		<year>1990</year>
		<publisher>CVS</publisher>
		<part name="cart" interface="gx4000_cart">
			<dataarea name="rom" size="131072">
				<rom name="noexit.bin" size="131072" crc="28f64ce1" sha1="270844966810b91529d70f3c68f41e3986646659"/>
			</dataarea>
		</part>
	</software>

	<!-- doesn't boot -->
	<software name="othunder" supported="no">
		<description>Operation Thunderbolt</description>
		<year>1990</year>
		<publisher>Ocean Software</publisher>
		<part name="cart" interface="gx4000_cart">
			<dataarea name="rom" size="131072">
				<rom name="othunder.bin" size="131072" crc="9d5a4f42" sha1="567a15d8a892a20ba3c0d3184a0b381b58f0c34c"/>
			</dataarea>
		</part>
	</software>

	<!-- minor gfx glitch -->
	<software name="pang">
		<description>Pang</description>
		<year>1990</year>
		<publisher>Ocean Software</publisher>
		<part name="cart" interface="gx4000_cart">
			<dataarea name="rom" size="131072">
				<rom name="pang.bin" size="131072" crc="b6a33a07" sha1="128094fa2999d61466761232b25215e594ad509a"/>
			</dataarea>
		</part>
	</software>

	<software name="panzakb">
		<description>Panza Kick Boxing</description>
		<year>1991</year>
		<publisher>Loriciel Software</publisher>
		<part name="cart" interface="gx4000_cart">
			<dataarea name="rom" size="131072">
				<rom name="pkckbox.bin" size="131072" crc="996c30ce" sha1="1e1c65e075c8f3e73d83d42ffe81f1311748432c"/>
			</dataarea>
		</part>
	</software>

	<!-- glitched title screen -->
	<software name="pinmagic">
		<description>Pinball Magic</description>
		<year>1991</year>
		<publisher>Loriciel Software</publisher>
		<part name="cart" interface="gx4000_cart">
			<dataarea name="rom" size="131072">
				<rom name="pbmagic.bin" size="131072" crc="e7500c93" sha1="120f6b670682cedb0ca6cc8c25ad410423a3563f"/>
			</dataarea>
		</part>
	</software>

	<software name="plotting">
		<description>Plotting</description>
		<year>1990</year>
		<publisher>Ocean Software</publisher>
		<part name="cart" interface="gx4000_cart">
			<dataarea name="rom" size="131072">
				<rom name="plotting.bin" size="131072" crc="f7a73aaa" sha1="7163872123d61bf575d8a766d9b55ecca0901447"/>
			</dataarea>
		</part>
	</software>

	<software name="protennt">
		<description>Pro Tennis Tour</description>
		<year>1989</year>
		<publisher>Ubisoft</publisher>
		<part name="cart" interface="gx4000_cart">
			<dataarea name="rom" size="131072">
				<rom name="prtnnstr.bin" size="131072" crc="64d996f7" sha1="1f9faefca86ed8089fe28f4a1836df106dbf4d12"/>
			</dataarea>
		</part>
	</software>

	<!-- doesn't boot -->
	<software name="robocop2" supported="no">
		<description>Robocop 2</description>
		<year>1990</year>
		<publisher>Ocean Software</publisher>
		<part name="cart" interface="gx4000_cart">
			<dataarea name="rom" size="131072">
				<rom name="robocop2.bin" size="131072" crc="426bfabc" sha1="5eb7e056a19cb69c45c3bc575c5ed196e7fbd1f5"/>
			</dataarea>
		</part>
	</software>

	<!-- needs light phazer -->
	<software name="skeetsh">
		<description>Skeet Shoot</description>
		<year>1990</year>
		<publisher>Trojan</publisher>
		<part name="cart" interface="gx4000_cart">
			<dataarea name="rom" size="131072">
				<rom name="sktshoot.bin" size="131072" crc="24e7334d" sha1="360f2a0538bdaf15c3a69bf8eb82dcb358fbe1d5"/>
			</dataarea>
		</part>
	</software>

	<software name="switchbl">
		<description>Switchblade</description>
		<year>1990</year>
		<publisher>Gremlin Graphics</publisher>
		<part name="cart" interface="gx4000_cart">
			<dataarea name="rom" size="131072">
				<rom name="swtchbld.bin" size="131072" crc="32ea852d" sha1="ce7ab55a83a6003fe3e2b2a3a6f5b318da6f721d"/>
			</dataarea>
		</part>
	</software>

	<software name="tennisc2">
		<description>Tennis Cup II</description>
		<year>1990</year>
		<publisher>Loriciel Software</publisher>
		<part name="cart" interface="gx4000_cart">
			<dataarea name="rom" size="131072">
				<rom name="tnnscup2.bin" size="131072" crc="10e9d90f" sha1="9fb694a09a09f84a6519c9e074ff49504a424ccb"/>
			</dataarea>
		</part>
	</software>

	<!-- needs light phazer -->
	<software name="enforcer">
		<description>The Enforcer</description>
		<year>1990</year>
		<publisher>Trojan</publisher>
		<part name="cart" interface="gx4000_cart">
			<dataarea name="rom" size="131072">
				<rom name="enforcer.bin" size="131072" crc="69f813a7" sha1="f188716e69c54c8ffed3b56f12aec3bcdb6eabce"/>
			</dataarea>
		</part>
	</software>

	<!-- crashes at language select -->
	<software name="tintin">
		<description>Tintin On The Moon</description>
		<year>1990</year>
		<publisher>Infogrames</publisher>
		<part name="cart" interface="gx4000_cart">
			<dataarea name="rom" size="131072">
				<rom name="tintin.bin" size="131072" crc="72320df4" sha1="3b3a1f870dff22fa0952f2da93e3dc90daef90cc"/>
			</dataarea>
		</part>
	</software>

	<software name="wildstrt">
		<description>Wild Streets</description>
		<year>1990</year>
		<publisher>Titus Software</publisher>
		<part name="cart" interface="gx4000_cart">
			<dataarea name="rom" size="131072">
				<rom name="wildstrt.bin" size="131072" crc="bcbae03b" sha1="3ff09f19471d8bcd878583f74a553048068b6dff"/>
			</dataarea>
		</part>
	</software>

	<!-- glitched title screen -->
	<software name="worldspt">
		<description>World of Sports</description>
		<year>1990</year>
		<publisher>EPYX</publisher>
		<part name="cart" interface="gx4000_cart">
			<dataarea name="rom" size="131072">
				<rom name="wrldsprt.bin" size="131072" crc="5cecc439" sha1="6bc5271370eb1ee92f809874f7ef346c2117f9cd"/>
			</dataarea>
		</part>
	</software>


<!-- CPC+ System Carts -->
	<software name="sysuk">
		<description>Burnin' Rubber + Locomotive BASIC</description>
		<year>1990</year>
		<publisher>Amstrad</publisher>
		<part name="cart" interface="gx4000_cart">
			<dataarea name="rom" size="131072">
				<rom name="plus_en.bin" size="131072" crc="91d35678" sha1="e73416091449a9e9b3bce19263a54d0bb62235f7"/>
			</dataarea>
		</part>
	</software>

	<software name="sysukpd" cloneof="sysuk">
		<description>Locomotive BASIC + ParaDOS</description>
		<year>1990</year>
		<publisher>&lt;homebrew&gt;</publisher>
		<part name="cart" interface="gx4000_cart">
			<dataarea name="rom" size="131072">
				<rom name="engpados.bin" size="131072" crc="e9c5e30e" sha1="596bf4d4dedafca71fadffb6e5fa8634c3cd843f"/>
			</dataarea>
		</part>
	</software>

	<!-- These need French keyboard to fully work -->
	<software name="sysfr" supported="partial">
		<description>Burnin' Rubber + Locomotive BASIC (France)</description>
		<year>1990</year>
		<publisher>Amstrad</publisher>
		<part name="cart" interface="gx4000_cart">
			<dataarea name="rom" size="131072">
				<rom name="plus_fr.bin" size="131072" crc="26ebc1fe" sha1="8f8031e24440d2f1174d21faabb3b0134266daf2"/>
			</dataarea>
		</part>
	</software>

	<!-- This was released in France  to address the Plus range incompatibilities with some software designed for the classic CPC range. -->
	<software name="sysfrv3" cloneof="sysfr" supported="partial">
		<description>BASIC Cartouche (France, with OS v3)</description>
		<year>1990</year>
		<publisher>Amstrad</publisher>
		<part name="cart" interface="gx4000_cart">
			<dataarea name="rom" size="65536">
				<rom name="basic (f) (white label).bin" size="65536" crc="37e17647" sha1="c977841fdf09151394b49035a53ee5d049b38891"/>
			</dataarea>
		</part>
	</software>

	<software name="sysfrpd" cloneof="sysfr" supported="partial">
		<description>Locomotive BASIC + ParaDOS (France)</description>
		<year>1990</year>
		<publisher>&lt;homebrew&gt;</publisher>
		<part name="cart" interface="gx4000_cart">
			<dataarea name="rom" size="131072">
				<rom name="frpados.bin" size="131072" crc="5efd7488" sha1="d618e925f326c03be4b1b018f2cc218384eb88c7"/>
			</dataarea>
		</part>
	</software>

	<!-- These need Spanish keyboard to fully work -->
	<software name="syses" supported="partial">
		<description>Burnin' Rubber + Locomotive BASIC (Spain)</description>
		<year>1990</year>
		<publisher>Amstrad</publisher>
		<part name="cart" interface="gx4000_cart">
			<dataarea name="rom" size="131072">
				<rom name="plus_es.bin" size="131072" crc="5d336a70" sha1="d9f93ed0f4790a078317f7bde8ec6bf838c965e1"/>
			</dataarea>
		</part>
	</software>

	<software name="sysespd" cloneof="syses" supported="partial">
		<description>Locomotive BASIC + ParaDOS (Spain)</description>
		<year>1990</year>
		<publisher>&lt;homebrew&gt;</publisher>
		<part name="cart" interface="gx4000_cart">
			<dataarea name="rom" size="131072">
				<rom name="spapados.bin" size="131072" crc="57ecd6ed" sha1="2a68079bf90dbacf9e921b54874ad3e5408a75bd"/>
			</dataarea>
		</part>
	</software>

</softwarelist>
