<?xml version="1.0"?>
<!DOCTYPE softwarelist SYSTEM "softwarelist.dtd">
<!--
license:CC0
-->

<softwarelist name="k28m2" description="K28 model 7-232 modules">

	<software name="m1">
		<description>Expansion Module 1</description>
		<year>1986?</year>
		<publisher>Tiger Electronics</publisher>
		<info name="serial" value="CM62086"/>
		<part name="cart" interface="k28m2">
			<dataarea name="rom" size="0x4000">
				<rom name="cm62086.vsm" size="0x4000" crc="0349798b" sha1="afdad242f9c7dec0c5fd83670e3d8f1637140e76" />
			</dataarea>
		</part>
	</software>

	<software name="m2">
		<description>Expansion Module 2</description>
		<year>1986</year>
		<publisher>Tiger Electronics</publisher>
		<info name="serial" value="CM62216"/>
		<part name="cart" interface="k28m2">
			<dataarea name="rom" size="0x4000">
				<rom name="cm62216.vsm" size="0x4000" crc="1c99306f" sha1="7bfadeec79bdc231c4e3447149e2f6542cfe077d" />
			</dataarea>
		</part>
	</software>

	<software name="m3">
		<description>Expansion Module 3</description>
		<year>1986</year>
		<publisher>Tiger Electronics</publisher>
		<info name="serial" value="CM62215"/>
		<part name="cart" interface="k28m2">
			<dataarea name="rom" size="0x4000">
				<rom name="cm62215.vsm" size="0x4000" crc="f2deb9a2" sha1="9fb264b869d1298ebd76811931bed83ac122fe4b" />
			</dataarea>
		</part>
	</software>

	<software name="m4">
		<description>Expansion Module 4</description>
		<year>1986</year>
		<publisher>Tiger Electronics</publisher>
		<info name="serial" value="CM62217"/>
		<part name="cart" interface="k28m2">
			<dataarea name="rom" size="0x4000">
				<rom name="cm62217.vsm" size="0x4000" crc="995936b2" sha1="8bd0fea4ade9972d1d6cb521f9367c971c7eead6" />
			</dataarea>
		</part>
	</software>

<!--
    <software name="m5">
        <description>Expansion Module 5</description>
        <year>1987</year>
        <publisher>Tiger Electronics</publisher>
        <info name="serial" value="CM62218"/>
        <part name="cart" interface="k28m2">
            <dataarea name="rom" size="0x4000">
                <rom name="cm62218.vsm" size="0x4000" crc="" sha1="" status="nodump" />
            </dataarea>
        </part>
    </software>
-->

	<software name="m6">
		<description>Expansion Module 6</description>
		<year>1987</year>
		<publisher>Tiger Electronics</publisher>
		<info name="serial" value="CM62219"/>
		<part name="cart" interface="k28m2">
			<dataarea name="rom" size="0x4000">
				<rom name="cm62219.vsm" size="0x4000" crc="177b5cb5" sha1="2ed44fea8f931fc8aa46dafdda1c6c30b8c9dc01" />
			</dataarea>
		</part>
	</software>

</softwarelist>
