<?xml version="1.0"?>
<!DOCTYPE softwarelist SYSTEM "softwarelist.dtd">
<!--
license:CC0
-->

<softwarelist name="mpu1000" description="Acetronic MPU-1000 cartridges">

	<software name="challeng">
		<description>Challenge!</description>
		<year>19??</year>
		<publisher>Acetronic?</publisher>
		<info name="serial" value="9"/>
		<part name="cart" interface="vc4000_cart">
			<feature name="slot" value="std" />
			<dataarea name="rom" size="2048">
				<rom name="challenge.bin" size="2048" crc="a0f5320a" sha1="ce1ab1ad5e085a3237e0de645fa3238d7702d578"/>
			</dataarea>
		</part>
	</software>

</softwarelist>
