<?xml version="1.0"?>
<!DOCTYPE softwarelist SYSTEM "softwarelist.dtd">
<!--
license:CC0-1.0
-->

<softwarelist name="nascom_flop" description="Nascom disk images">

	<software name="asteroid">
		<description>Asteroids</description>
		<year>1985</year>
		<publisher>Richard C. Espley</publisher>
		<part name="flop1" interface="floppy_5_25">
			<dataarea name="flop" size="655360">
				<rom name="asteroid.dsk" size="655360" crc="96d6b7b6" sha1="ecf667413ec6fdec7a421ececcf572a00354ff10"/>
			</dataarea>
		</part>
	</software>

	<software name="avcdemo">
		<description>AVC Demo Disk</description>
		<year>1982</year>
		<publisher>Lucas Logic</publisher>
		<part name="flop1" interface="floppy_5_25">
			<dataarea name="flop" size="655360">
				<rom name="avc-demo.dsk" size="655360" crc="81877f78" sha1="11fadb5ea69a949fdeadac3938683b14728b18df"/>
			</dataarea>
		</part>
	</software>

	<software name="divtools">
		<description>Tools &amp; Toolkits</description>
		<year>198?</year>
		<publisher>&lt;unknown&gt;</publisher>
		<part name="flop1" interface="floppy_5_25">
			<dataarea name="flop" size="655360">
				<rom name="divtools.dsk" size="655360" crc="58751dc6" sha1="7078e928c2ef17fccd53e1d1eb2fd9bfe9371c2c"/>
			</dataarea>
		</part>
	</software>

	<software name="dosadv">
		<description>Nascom Disk Adventure</description>
		<year>1983</year>
		<publisher>Richard C. Espley</publisher>
		<part name="flop1" interface="floppy_5_25">
			<dataarea name="flop" size="655360">
				<rom name="dosadv.dsk" size="655360" crc="bd37aa35" sha1="b9483567951830955c6fe944c934c5b3ddf2007c"/>
			</dataarea>
		</part>
	</software>

	<software name="nassem">
		<description>NAS-Sembler 1.5</description>
		<year>1982</year>
		<publisher>Lucas Logic</publisher>
		<part name="flop1" interface="floppy_5_25">
			<dataarea name="flop" size="655360">
				<rom name="nas-sem.dsk" size="655360" crc="997e014a" sha1="ce86f41ebbb57322ff026b693dd49603e104f55c"/>
			</dataarea>
		</part>
	</software>

	<software name="utd1066">
		<description>NAS-DOS Utility Disk</description>
		<year>1982</year>
		<publisher>M F Hessey</publisher>
		<part name="flop1" interface="floppy_5_25">
			<dataarea name="flop" size="655360">
				<rom name="utd1066.dsk" size="655360" crc="ad1bf5b1" sha1="99c15344cdf4bdfe628a237f6e1759dc5b023e32"/>
			</dataarea>
		</part>
	</software>

	<!-- The CP/M system disks are not original disks supplied by Lucas Logic, -->
	<!-- but custom disks that have been created to use all available memory.  -->
	<!-- Note that single sided disks can't be read on double sided drives and -->
	<!-- vice versa. Lucas Logic supplied an utility called SINGLE.COM to      -->
	<!-- allow reading of single sided disks on double sided drives.           -->

	<software name="cpmv22s">
		<description>CP/M 2.2 rev 2.1 System Disk (Single Sided)</description>
		<year>1982</year>
		<publisher>Lucas Logic</publisher>
		<part name="flop1" interface="floppy_5_25">
			<dataarea name="flop" size="394240">
				<rom name="cpmv22s.dsk" size="394240" crc="dee5c9d2" sha1="00f187d9828d87fba14d8267cd020bd13d8cbdb9"/>
			</dataarea>
		</part>
	</software>

	<software name="cpmv22d">
		<description>CP/M 2.2 rev 2.1 System Disk (Double Sided)</description>
		<year>1982</year>
		<publisher>Lucas Logic</publisher>
		<part name="flop1" interface="floppy_5_25">
			<dataarea name="flop" size="788480">
				<rom name="cpmv22d.dsk" size="788480" crc="16724ed8" sha1="3db077c46c2cb52794443fa853621538323c352f"/>
			</dataarea>
		</part>
	</software>

	<!-- The manual for CP/M 2.2 rev 3.2 is available, but no hardware/software. -->

	<software name="cpmgames">
		<description>CP/M Games for the AVC</description>
		<year>19??</year>
		<publisher>&lt;unknown&gt;</publisher>
		<part name="flop1" interface="floppy_5_25">
			<dataarea name="flop" size="394240">
				<rom name="cpmgames.dsk" size="394240" crc="626c680a" sha1="9bd57fa8edce2017ad94a45d9721c86a37657d3b"/>
			</dataarea>
		</part>
	</software>

</softwarelist>
