<?xml version="1.0"?>
<!DOCTYPE softwarelist SYSTEM "softwarelist.dtd">
<!--
license:CC0
-->
<softwarelist name="pv2000" description="Casio PV-2000 cartridges">

<!--

No known undumped carts

-->

	<software name="excitem2">
		<description>Excite Mahjong 2</description>
		<year>1983</year>
		<publisher>Casio</publisher>
		<info name="serial" value="GPB-110"/>
		<part name="cart" interface="pv2000_cart">
			<feature name="pcb" value="P115-1A"/>
			<dataarea name="rom" size="16384">
				<rom name="Rom1.bin" size="8192" crc="2671b9d8" sha1="9a5972c35e144904f5267e8ef94798ee38ac6fef" offset="0" /> <!-- 2764, desoldered and dumped -->
				<rom name="Rom2.bin" size="8192" crc="bf6945fd" sha1="349a5a4153eda5239d6b9b7801ca6ed67f94db4c" offset="8192" /> <!-- 2764, desoldered and dumped -->
			</dataarea>
		</part>
	</software>

	<software name="frontlin">
		<description>Front Line</description>
		<year>1983</year>
		<publisher>Casio / Taito</publisher>
		<part name="cart" interface="pv2000_cart">
			<dataarea name="rom" size="8192">
				<rom name="frntline.bin" size="8192" crc="86692c58" sha1="5891483952658589102f396b260fadf33ce9c32b" offset="0" />
			</dataarea>
		</part>
	</software>

	<software name="galaga">
		<description>Galaga</description>
		<year>1981</year>
		<publisher>Casio / Namco</publisher>
		<part name="cart" interface="pv2000_cart">
			<dataarea name="rom" size="8192">
				<rom name="galaga.bin" size="8192" crc="e5befcf6" sha1="e3b4c7b1dc1a741eb098709ac41297a2c91ea444" offset="0" />
			</dataarea>
		</part>
	</software>

	<software name="pachiufo">
		<description>Pachinko - UFO</description>
		<year>1983</year>
		<publisher>Casio</publisher>
		<part name="cart" interface="pv2000_cart">
			<dataarea name="rom" size="16384">
				<rom name="pachiufo.bin" size="16384" crc="1261e766" sha1="0c7a3f865e72fc8b3f39f66c0b48bf60cd2de599" offset="0" />
			</dataarea>
		</part>
	</software>

	<software name="pooyan">
		<description>Pooyan</description>
		<year>1982</year>
		<publisher>Casio</publisher>
		<part name="cart" interface="pv2000_cart">
			<dataarea name="rom" size="16384">
				<rom name="pooyan.bin" size="16384" crc="3c16027b" sha1="a0bdf3160b61342cdc1611d866aa8c4b39da4506" offset="0" />
			</dataarea>
		</part>
	</software>

	<software name="mrpackn">
		<description>Mr. Packn</description>
		<year>1982</year>
		<publisher>Casio / Namco</publisher>
		<part name="cart" interface="pv2000_cart">
			<dataarea name="rom" size="8192">
				<rom name="mrpackn.bin" size="8192" crc="ee0d3948" sha1="fd311a46b87ddd6263c4f12e88178d9e2150ea5a" offset="0" />
			</dataarea>
		</part>
	</software>

	<software name="rakugaki">
		<description>Rakugaki Special</description>
		<year>1983</year>
		<publisher>Casio</publisher>
		<info name="serial" value="GPB-109"/>
		<part name="cart" interface="pv2000_cart">
			<feature name="pcb" value="P115-1A"/>
			<dataarea name="rom" size="16384">
				<rom name="Rom1.bin" size="8192" crc="08704dda" sha1="038decee4f74f01e37882175cf0aa8f101f2ff7d" offset="0" /> <!-- 2764, desoldered and dumped -->
				<rom name="Rom2.bin" size="8192" crc="c1b3e57d" sha1="10df247dc6084ebd3c4e21a09ee5e7be0c5ff85e" offset="8192" /> <!-- 2764, desoldered and dumped -->
			</dataarea>
		</part>
	</software>

	<software name="rocnrope">
		<description>Roc'n Rope</description>
		<year>1983</year>
		<publisher>Casio / Konami</publisher>
		<part name="cart" interface="pv2000_cart">
			<dataarea name="rom" size="8192">
				<rom name="rocnrope.bin" size="8192" crc="f8c9c2d9" sha1="2744e448f9537fbca1e65cbd3646678100777de3" offset="0" />
			</dataarea>
		</part>
	</software>

	<software name="skicomm">
		<description>Ski Command</description>
		<year>198?</year>
		<publisher>Casio</publisher>
		<part name="cart" interface="pv2000_cart">
			<dataarea name="rom" size="16384">
				<rom name="skicmmnd.bin" size="16384" crc="07bf1f44" sha1="5608311721d486b0cffccdfef40d51443a283490" offset="0" />
			</dataarea>
		</part>
	</software>

	<software name="scobra">
		<description>Super Cobra</description>
		<year>1981</year>
		<publisher>Casio</publisher>
		<part name="cart" interface="pv2000_cart">
			<dataarea name="rom" size="8192">
				<rom name="suprcobr.bin" size="8192" crc="c382390f" sha1="fd8b85e5a58d0449908ae8f1bf7a32230a39d5eb" offset="0" />
			</dataarea>
		</part>
	</software>

	<software name="exjockey">
		<description>Exciting Jockey</description>
		<year>1984</year>
		<publisher>Casio</publisher>
		<info name="serial" value="GPB-111"/>
		<info name="alt_title" value="大障害競馬"/>
		<part name="cart" interface="pv2000_cart">
			<feature name="pcb" value="P109-1A"/>
			<dataarea name="rom" size="16384">
				<rom name="Exciting Jockey.bin" size="16384" crc="450174c3" sha1="97a5200f801ffd800b2328f0e1a224d5ed6904e0" offset="0" /> <!-- 27128, desoldered and dumped -->
			</dataarea>
		</part>
	</software>

	<software name="basic">
		<description>Real Number Basic</description>
		<year>198?</year>
		<publisher>Casio</publisher>
		<info name="alt_title" value="実数Basic"/>
		<part name="cart" interface="pv2000_cart">
			<feature name="pcb" value="P115-1A"/>
			<dataarea name="rom" size="16384">
				<rom name="Rom1.bin" size="8192" crc="43ac2c5b" sha1="a56989d02db54974a64136a6abe0cd1861b38245" offset="0" /> <!-- 2764, desoldered and dumped -->
				<rom name="Rom2.bin" size="8192" crc="4725e98d" sha1="3e55de11c66ae91eb40c586c73c3035fd7bcffac" offset="8192" /> <!-- 2764, desoldered and dumped -->
			</dataarea>
		</part>
	</software>
</softwarelist>
