<?xml version="1.0"?>
<!DOCTYPE softwarelist SYSTEM "softwarelist.dtd">
<!--
license:CC0

Dumps needed: (Info taken from: http://home.pacbell.net/smc777/comsoft.htm )

OS:
  SMC-777 System 1.3j
  SMC-777 System 1.4j
  Sony Disk Basic
  SMC Edit

Magazine:
  Floppy Magazine #1
  Floppy Magazine #2
  Floppy Magazine #3
  Floppy Magazine #4
  Floppy Magazine #5
  Floppy Magazine #6
  Floppy Magazine #7
  Floppy Magazine #8
  Floppy Magazine 創刊準備号
  Floppy Magazine 特別号


SMCゲームパックI
  バイキン君のゴキブリ退治
  バイキン君のスイッチオン
  うちのタマ知りませんか
  バイキン君のデンタルウオー
  ナポレオン
  ペンジャミン
  リメインズロボット
  トランジット
  SMC Super Golf
  オセロゲーム
  Miner 2049
  九十九 ウルトラ4人麻雀
  幻の古代王朝(京都編)
  幻の古代王朝(吉野編)
  幻の古代王朝(飛鳥編)
  無人島脱出
  デーモンルーレット
  AZTEC
  チョップリフター
  スターブレーザー
  バグアタック
  SMC実践囲碁
  SMC将棋
  妖花の謎
  法隆寺の謎
  ロードランナー
  チャンピョンシップロードランナー
  チェスゲーム
  黄金の墓
  ムー大陸の謎
  内藤国雄の詰将棋
  ハドソンベストセレクション1
  ハドソンベストセレクション2
  ハドソンベストセレクション3
  ハドソンベストセレクション4
  ハドソンベストセレクション5
  徳川風雲録
  妖怪探偵ちまちま
  サラダの国のトマト姫
  野球狂
  ファイアドラゴン
  信長の野望
  秘境アマゾンの奥地に・・
  キャノンショット
  Mario Bros.

Home:
  SMC日本語ワープロ
  ユーカラJJ
  クッキンキャット
  ニッティンキャド
  Memoland
  聖子の音と絵入門
  グラフィックエディター(市販版)
  グラフィックエディター(777C添付版)
  ラッサピアター
  ラッサピアターE


Education:
  SMC LOGOの世界(アプリケーション編)
  SMC LOGOの世界(グラフィック編)
  グラフィックスの世界(入門編)
  グラフィックスの世界(中級編)
  グラフィックスの世界(応用編)
  クロスワード(入門)
  クロスワード(初級)
  世界の旗
  まんてん君(数の導入)
  まんてん君(計算力1)
  まんてん君(計算力2)
  まんてん君(記憶力)
  まんてん君(思考力)
  まんてん君(反射性)
  グレイハウンド
  パソコン英和辞典

Other:
  SONY販促用ディスク1
  SONY販促用ディスク2
  SONY販促用ディスク3
  SONY販促用ディスク4

Known to be dumped, but no longer available: (If you do have any of these please contact the MAME development team)
  SMC Paint
  PIC->BMPコンバータ
  GIFファイルローダー
  1ドライブ用PIP
  フルーツフィールド (Fruit)
  XOR777
  Slip Othello
  Rocker
  不眠ソリティア (Solit)
  T.N.T. Bomb Bomb
  Mevious
  Mad Mlash
  フィネス(BR17)
  Hetzer
  Vortex
  テトリス(TET)
  ストライカー(Striker)
  Area-X
  Ghost City
  New Adam & Eve
  A・E
-->

<softwarelist name="smc777" description="Sony SMC777 Disks">

	<!-- Commercial Software -->

	<software name="cpm22">
	<!-- This was originally released for the SMC-70, but also sold for the SMC-777-->
		<description>CP\M v2.2</description>
		<year>198?</year>
		<publisher>Sony Corp.</publisher>

		<part name="flop1" interface="floppy_3_5">
			<dataarea name="flop" size="121414">
				<rom name="cpm22.imd" size="121414" crc="02db74fe" sha1="3f27609dd2d17e983bc337a5530e95883140e5b7" />
			</dataarea>
		</part>
	</software>

	<software name="develop" supported="no">
	<!-- Seems to be Bad. Added as a placeholder-->
		<description>Develop v1.4</description>
		<year>198?</year>
		<publisher>&lt;unknown&gt;</publisher>

		<part name="flop1" interface="floppy_3_5">
			<dataarea name="flop" size="305328">
				<rom name="develop.1dd" size="305328" crc="13e5971a" sha1="c15d61e00ea2495ef5406a0a6f637ab2746e91cc" />
			</dataarea>
		</part>
	</software>

	<software name="sys12j">
		<!-- Includes: Dr. Logo, Bird Catch, Mysterious Boy-->
		<description>SMC-777 System v1.2j</description>
		<year>198?</year>
		<publisher>&lt;unknown&gt;</publisher>

		<part name="flop1" interface="floppy_3_5">
			<dataarea name="flop" size="261808">
				<rom name="system 12j.1dd" size="261808" crc="c66e1a07" sha1="44e5ffb697c20f3652d6673885c9824f49a307bb" />
			</dataarea>
		</part>
	</software>

	<software name="sys11j">
		<description>SMC-777 System v1.1j</description>
		<year>198?</year>
		<publisher>&lt;unknown&gt;</publisher>

		<part name="flop1" interface="floppy_3_5">
			<dataarea name="flop" size="305328">
				<rom name="system 11.1dd" size="305328" crc="fcf54a39" sha1="d5aa09c73cef0cf639ef3adbe6e64a109f883ad6" />
			</dataarea>
		</part>
	</software>

	<software name="sys10j">
		<description>SMC-777 System v1.0j</description>
		<year>198?</year>
		<publisher>&lt;unknown&gt;</publisher>

		<part name="flop1" interface="floppy_3_5">
			<dataarea name="flop" size="305328">
				<rom name="system 10.1dd" size="305328" crc="89a0c347" sha1="2d3fdacef43d6b89861b90997715a80d784dd2d9" />
			</dataarea>
		</part>
	</software>

	<software name="choplift">
		<description>Choplifter</description>
		<year>198?</year>
		<publisher>Sony</publisher>

		<part name="flop1" interface="floppy_3_5">
			<dataarea name="flop" size="211808">
				<rom name="choplifter.1dd" size="211808" crc="bf2ea51c" sha1="4610f7456ca6bd1740b9c98fb3d2bd67aadffb5c" />
			</dataarea>
		</part>
	</software>

	<software name="strizbh">
		<description>Striz B.H.</description>
		<year>1984</year>
		<publisher>Sony</publisher>
		<info name="alt_title" value="ストリッツb.h." />

		<part name="flop1" interface="floppy_3_5">
			<dataarea name="flop" size="305328">
				<rom name="strizbh.1dd" size="305328" crc="efa24635" sha1="c2308afeb555197c6d583e6cd46e6c5c5c9b4ea9" />
			</dataarea>
		</part>
	</software>

<!-- which issue of the magazine? -->
	<software name="flopmag" supported="no">
		<description>Floppy Magazine</description>
		<year>198?</year>
		<publisher>&lt;unknown&gt;</publisher>

		<part name="flop1" interface="floppy_3_5">
			<dataarea name="flop" size="305056">
				<rom name="floppy magazine.1dd" size="305056" crc="44f18e58" sha1="dc4d8bda72d408e53edd4be4f1d9497d9179d35e" />
			</dataarea>
		</part>
	</software>

	<software name="yakyuuky" supported="no">
		<description>Yakyuu-Kyou</description>
		<year>1984</year>
		<publisher>Hudson Soft</publisher>
		<info name="alt_title" value="ヤキュウキョウ" />
		<!-- Crashes after displaying "ヤキュウキョウ" -->

		<part name="flop1" interface="floppy_3_5">
			<dataarea name="flop" size="70352">
				<rom name="yakyuu-kyou (smc-777) [fd].d88" size="70352" crc="3d92559a" sha1="b1d326a8b8e6cd69723686e3a47474539741d9f8" />
			</dataarea>
		</part>
	</software>

	<!-- Homebrew Software-->

	<software name="corewars">
		<description>Corewars</description>
		<year>1987</year>
		<publisher>Y. Sato</publisher>

		<part name="flop1" interface="floppy_3_5">
			<dataarea name="flop" size="305328">
				<rom name="corewars.1dd" size="305328" crc="4bbc1e35" sha1="22d1ba809d69d7e1679842f1d348cc9d6da850c5" />
			</dataarea>
		</part>
	</software>

	<software name="dragon">
	<!-- Alternative Title: ドラゴンズアルファベット -->
		<description>Dragon's Alphabet</description>
		<year>1987</year>
		<publisher>M &amp; M / Alines Soft</publisher>

		<part name="flop1" interface="floppy_3_5">
			<dataarea name="flop" size="305328">
				<rom name="dragon.1dd" size="305328" crc="dc23c4bc" sha1="45c0d8510f660108d20c82ef116e8dfa8b66b9c2" />
			</dataarea>
		</part>
	</software>

	<!-- Alternative Title: ドラゴンズアルファベット -->
	<!-- Extra Info: Freeware Edition -->
	<!-- software name="dragona" cloneof="dragon">
	    <description>Dragon's Alphabet</description>
	    <year>1987</year>
	    <publisher>M &amp; M</publisher>

	    <part name="flop1" interface="floppy_3_5">
	        <dataarea name="flop" size="305328">
	            <rom name="dragon (freeware).1dd" size="305328" crc="168925c7" sha1="cf5b4b3f3ae0b77787613c7168eb8cb25dabbe52" />
	        </dataarea>
	    </part>
	</software -->

	<software name="zebloc2">
		<description>Zebloc II</description>
		<year>1987</year>
		<publisher>Kawaguchiya</publisher>

		<part name="flop1" interface="floppy_3_5">
			<dataarea name="flop" size="305328">
				<rom name="develop.1dd" size="305328" crc="b7605b47" sha1="927d173f5d08c7a0ad178af1c191cba7d5435a05" />
			</dataarea>
		</part>
	</software>

	<software name="sos20" cloneof="sos22">
	<!-- Alternate Title S-OS Sword-->
		<description>S-OS Monitor v2.0</description>
		<year>198?</year>
		<publisher>&lt;unknown&gt;</publisher>

		<part name="flop1" interface="floppy_3_5">
			<dataarea name="flop" size="305328">
				<rom name="s-os sword monitor 2.0.1dd" size="305328" crc="27bc0b34" sha1="18840fab993716e7929b6e0600c446d8fba93059" />
			</dataarea>
		</part>
	</software>

	<software name="sos22">
	<!-- Alternate Title S-OS Sword-->
		<description>S-OS Monitor v2.2</description>
		<year>198?</year>
		<publisher>&lt;unknown&gt;</publisher>

		<part name="flop1" interface="floppy_3_5">
			<dataarea name="flop" size="348848">
				<rom name="s-os sword monitor 2.2.1dd" size="348848" crc="6e3215ce" sha1="1fffac3db3005e3de750c63ce1285f6b8a40310a" />
			</dataarea>
		</part>
	</software>


<!-- It would be nice to find out original releases of some of these, but in the meanwhile let's document what we have -->
	<software name="comp1">
		<description>Game Compilation 1</description>
		<year>198?</year>
		<publisher>&lt;unknown&gt;</publisher>

		<part name="flop1" interface="floppy_3_5">
			<dataarea name="flop" size="261808">
				<rom name="compilation 1.1dd" size="261808" crc="cc7827f5" sha1="8c24ec40cab047cff716d57ce44066709d238f5a" />
			</dataarea>
		</part>
	</software>

	<software name="comp2">
		<description>Game Compilation 2</description>
		<year>198?</year>
		<publisher>&lt;unknown&gt;</publisher>

		<part name="flop1" interface="floppy_3_5">
			<dataarea name="flop" size="261808">
				<rom name="compilation 2.1dd" size="261808" crc="6be3d020" sha1="9398acca8f44c868abc3a837f91c56833962c17f" />
			</dataarea>
		</part>
	</software>
</softwarelist>
