<?xml version="1.0"?>
<!DOCTYPE softwarelist SYSTEM "softwarelist.dtd">
<!--
license:CC0
-->
<softwarelist name="snotec" description="Bandai Super Note Club cartridges">

	<software name="conan2">
		<description>Detective Conan 2</description>
		<year>1996</year>
		<publisher>Bandai</publisher>
		<part name="rom" interface="genius_cart">
			<dataarea name="rom" size="0x40000">
				<rom name="SNC_Conan2.ic" size="0x40000" crc="47a3ce5e" sha1="2f9653ef01026d8a8f8c3036bda533336ebc7e0a"/>
			</dataarea>
			<dataarea name="eeprom" size="0x4000">
			</dataarea>
		</part>
	</software>

	<software name="tamago">
		<description>Tamagotchi</description>
		<year>1997</year>
		<publisher>Bandai</publisher>
		<part name="rom" interface="genius_cart">
			<dataarea name="rom" size="0x40000">
				<rom name="SNC_Tamago.ic1" size="0x40000" crc="3900e281" sha1="8b2faf3961e4a873a513f426056da188af37b2b5"/>
			</dataarea>
			<dataarea name="eeprom" size="0x4000">
			</dataarea>
		</part>
	</software>

	<software name="angelmt">
		<!-- cartridge also include a LCD-Game -->
		<description>Angel Mail Town</description>
		<year>1999</year>
		<publisher>Bandai</publisher>
		<part name="rom" interface="genius_cart">
			<dataarea name="rom" size="0x80000">
				<rom name="SNCVC-MAIL.IC3" size="0x80000" crc="a3246a56" sha1="616b060cab85076571c47edf30f312535196e41a"/>
			</dataarea>
		</part>
	</software>

	<software name="catdog">
		<description>Ochame na PetMate</description>
		<year>1995</year>
		<publisher>Bandai</publisher>
		<part name="rom" interface="genius_cart">
			<dataarea name="rom" size="0x40000">
				<rom name="SNC-PET1.IC1" size="0x40000" crc="1ba10001" sha1="6ab6e9d79d6f60dc07c951ec94369e6059351744"/>
			</dataarea>
		</part>
	</software>

	<software name="conan3">
		<description>Detective Conan 3</description>
		<year>1999</year>
		<publisher>Bandai</publisher>
		<part name="rom" interface="genius_cart">
			<dataarea name="rom" size="0x80000">
				<rom name="SNC-CONAN3.IC1" size="0x80000" crc="f93d6149" sha1="b624db8fd47cae79357de4d60d41d88ebe1f089d"/>
			</dataarea>
		</part>
	</software>

	<software name="notepadn">
		<description>Nakayoshi Diary</description>
		<year>1995</year>
		<publisher>Bandai</publisher>
		<part name="rom" interface="genius_cart">
			<dataarea name="rom" size="0x40000">
				<rom name="BANDAIP1.IC1" size="0x40000" crc="dc8bd361" sha1="d88498321c3038afd6b917005860bd118fe31aa2"/>
			</dataarea>
		</part>
	</software>

	<software name="caudit">
		<description>Challenge Audition</description>
		<year>1998</year>
		<publisher>Bandai</publisher>
		<part name="rom" interface="genius_cart">
			<dataarea name="rom" size="0x40000">
				<rom name="Audition.ic1" size="0x40000" crc="685fc899" sha1="0e203ed002450031663d6626380d39b88dc7b1ab"/>
			</dataarea>
			<dataarea name="eeprom" size="0x4000">
			</dataarea>
		</part>
	</software>

	<software name="conan">
		<description>Detective Conan</description>
		<year>1996</year>
		<publisher>Bandai</publisher>
		<part name="rom" interface="genius_cart">
			<dataarea name="rom" size="0x40000">
				<rom name="LH532KV6.IC1" size="0x40000" crc="edf3cc1e" sha1="0b759ff7dd2bd6809e5634679f758de106fed654"/>
			</dataarea>
		</part>
	</software>

	<software name="magicalf">
		<description>Magical Fortune</description>
		<year>1996</year>
		<publisher>Bandai</publisher>
		<part name="rom" interface="genius_cart">
			<dataarea name="rom" size="0x40000">
				<rom name="LH532KWU.ic1" size="0x40000" crc="b0017e0d" sha1="0147f0c61fa47509971222cbacfafd382ed2e31d"/>
			</dataarea>
			<dataarea name="eeprom" size="0x800">
			</dataarea>
		</part>
	</software>

	<software name="gokinjom" supported="no">
		<description>Gokinjo Monogatari</description>
		<year>1996</year>
		<publisher>Bandai</publisher>
		<part name="rom" interface="genius_cart">
			<dataarea name="rom" size="0x40000">
				<rom name="ic1.bin" size="0x40000" crc="bcaf2210" sha1="0aba90745fe6c9aa2dd979d162cd8dc43ea3e602"/>
			</dataarea>
			<dataarea name="eeprom" size="0x800">
			</dataarea>
		</part>
	</software>

	<software name="tpanda" supported="no">
		<description>Tare Panda</description>
		<year>2000</year>
		<publisher>Bandai</publisher>
		<part name="rom" interface="genius_cart">
			<dataarea name="rom" size="0x80000">
				<rom name="snc_tarepanda-c.ic1" size="0x80000" crc="ea57c308" sha1="7fdb42e422a12b86e87b22ac8038b578e8183eaa"/>
			</dataarea>
			<dataarea name="eeprom" size="0x800">
			</dataarea>
		</part>
	</software>

</softwarelist>
